filename,width,height,class,xmin,ymin,xmax,ymax
2b923b9c9b526e45022e18d0493946ba-1-_jpg.rf.53ff16946d39b0ad7e4bd69294591ba6.jpg,640,640,Aadhar cards,6,6,632,639
14171f7e3e906f9bb9cbee0e44b183ab_jpg.rf.5410764ee7a18b9e37f0e5601200fa8f.jpg,640,640,Aadhar cards,0,7,610,636
06a0686f91bed47d1f4873e4d104442c_jpg.rf.54cd4a1e8c67125bd230ad494587275e.jpg,640,640,Aadhar cards,3,2,627,640
2017_7image_01_34_3344908890_jpg.rf.54e49a00cb77d53a65572c4979676f5b.jpg,640,640,Aadhar cards,2,16,638,640
0c0584201ff552c4bdcbe160315aa432_jpg.rf.5506bbcb55e6c4ac66b89a08b683f5d6.jpg,640,640,Aadhar cards,42,3,640,616
2bfd2f150b31581bac34445b5c49dd26_jpg.rf.550d71b1724457e522276e00ac450f7c.jpg,640,640,Aadhar cards,1,9,618,638
2017_7image_01_34_3344908890_jpg.rf.5525603d66e1d1252f35405834e8ee4b.jpg,640,640,Aadhar cards,0,0,640,640
102_509409293_jpg.rf.5579cc0fccdd30b434dcedf6688db408.jpg,640,640,Aadhar cards,8,35,640,640
086d820550f34066764f4047ddc263ca_jpg.rf.55e88a9a74a7a7bfabf36578dff52413.jpg,640,640,Aadhar cards,48,56,622,640
3564191365d6dd7bff705c3252860029_jpg.rf.560d7fec818ac4945c0778652e3bed1e.jpg,640,640,Aadhar cards,0,35,638,639
23752a535ecca255d677464b5a7a24f4_jpg.rf.56e41dc078811197b159c7420bbcca43.jpg,640,640,Aadhar cards,6,13,640,640
15702284b04c27864e819ad89483b80d_jpg.rf.59c99db5c4eaf443a3836515250af55a.jpg,640,640,Aadhar cards,0,6,612,639
71697128_jpg.rf.55b08f88e86ba2b3e45efa26fbe9fd75.jpg,640,640,Aadhar cards,0,13,636,639
0c0584201ff552c4bdcbe160315aa432_jpg.rf.57f404953ce1b14676a58aad57e9b3b3.jpg,640,640,Aadhar cards,24,42,637,640
1_xMzwx1zuB5KlpNM53l2nfw_jpg.rf.5b5ecd7586b5c529c718cf0669c05436.jpg,640,640,Aadhar cards,0,1,623,627
116508899_159713039053118_8698401500526480570_n_jpg.rf.5519170ea8604834b563f661d38a380c.jpg,640,640,Aadhar cards,18,8,634,638
102_509409293_jpg.rf.59d84f4f1236e6d581b2f01cba2e2663.jpg,640,640,Aadhar cards,12,31,640,640

0521_adhar_jpg.rf.5a3ad096463140c03836a93c1d30a5f5.jpg,640,640,Aadhar cards,1,6,639,635
17e77ff746a7f6995dcbe80f0b107701_jpg.rf.58578970118840b9b7ffebf74a81bd33.jpg,640,640,Aadhar cards,1,9,636,635
60643f2e835245dfa9b0c9c988abb748_jpg.rf.5c3544c48c7d54b44fc73b5201f699c4.jpg,640,640,Aadhar cards,4,9,638,622
2017_7image_01_34_3344908890_jpg.rf.5d6cda32415d2771a1ac8711bd7097f4.jpg,640,640,Aadhar cards,5,5,638,640
0e0a5204f238d9c743ae456a8dc6529a_jpg.rf.5cb0bcea432d4f81ded01d10f38b39cc.jpg,640,640,Aadhar cards,25,0,640,638
102_509409293_jpg.rf.5f32ecd48783b6e4da0f3e2d44459fc1.jpg,640,640,Aadhar cards,4,16,611,640

0521_adhar_jpg.rf.605f855a316d3edb8757311b6bf0b342.jpg,640,640,Aadhar cards,6,3,352,640
0521_adhar_jpg.rf.605f855a316d3edb8757311b6bf0b342.jpg,640,640,Aadhar cards,273,19,640,640
2b923b9c9b526e45022e18d0493946ba-1-_jpg.rf.5d1a4fcd06ce7764e79948089e628205.jpg,640,640,Aadhar cards,0,22,639,640
2bfd2f150b31581bac34445b5c49dd26_jpg.rf.5ff0a6203c183d42232bf158380cf544.jpg,640,640,Aadhar cards,14,2,640,634
23752a535ecca255d677464b5a7a24f4_jpg.rf.64ec923940c05b868e5020965c3cd72d.jpg,640,640,Aadhar cards,11,0,639,626
2bfd2f150b31581bac34445b5c49dd26_jpg.rf.5e712acb1c99e29fadfe87dcb84ca27d.jpg,640,640,Aadhar cards,1,8,633,639
2b923b9c9b526e45022e18d0493946ba_jpg.rf.61394b2db59a1cbaa53ee626a187c976.jpg,640,640,Aadhar cards,0,1,638,625
3564191365d6dd7bff705c3252860029_jpg.rf.63fb16ad0af296b87c3e17323a32a5b6.jpg,640,640,Aadhar cards,5,2,638,625
0e0a5204f238d9c743ae456a8dc6529a_jpg.rf.5bead1fe6935f985c2b4f863d4d88865.jpg,640,640,Aadhar cards,3,0,638,640
110_504886170_jpg.rf.5d244eef3e556f54bf85e5dbb6ff6b65.jpg,640,640,Aadhar cards,5,2,600,594
086d820550f34066764f4047ddc263ca_jpg.rf.6358f22142fbfae9137b0df823cd26cf.jpg,640,640,Aadhar cards,49,48,600,619
0c0584201ff552c4bdcbe160315aa432_jpg.rf.5d66a0bcedea34e882b0da653b9c6e85.jpg,640,640,Aadhar cards,10,36,637,623
15702284b04c27864e819ad89483b80d_jpg.rf.62957ea157227e5d3ac23204e2aa5c3b.jpg,640,640,Aadhar cards,33,1,640,639
17e77ff746a7f6995dcbe80f0b107701_jpg.rf.6157422506e1de0fcb34a83662a63df3.jpg,640,640,Aadhar cards,22,0,640,631
2bfd2f150b31581bac34445b5c49dd26_jpg.rf.655c012ac8c754f312f2f46dca3c3942.jpg,640,640,Aadhar cards,1,14,634,640
0521_adhar_jpg.rf.64698393242e6b1fff3aa729bb463fd0.jpg,640,640,aadharcards,0,0,638,607
23752a535ecca255d677464b5a7a24f4_jpg.rf.65000da14f6862e8cfbb9b6898910441.jpg,640,640,Aadhar cards,4,0,638,639
2bfd2f150b31581bac34445b5c49dd26_jpg.rf.64a9e419fb145c3e3ca8346b0e43c921.jpg,640,640,Aadhar cards,0,0,640,640
71697128_jpg.rf.623a5c5ffc481b9d6457532871f3ae6c.jpg,640,640,Aadhar cards,14,1,639,636
0c0584201ff552c4bdcbe160315aa432_jpg.rf.60e41aa51abac7cb5387bc3db752126b.jpg,640,640,Aadhar cards,24,42,638,640
102_509409293_jpg.rf.5ffc3b82626e23a5c9e67b192b08ee7b.jpg,640,640,Aadhar cards,1,19,633,626
2bfd2f150b31581bac34445b5c49dd26_jpg.rf.619a562a4b9dac4d553c715984152c50.jpg,640,640,Aadhar cards,2,0,635,634
14171f7e3e906f9bb9cbee0e44b183ab_jpg.rf.61cca62a3c5fd36cd95b5e105f03f4d4.jpg,640,640,Aadhar cards,4,17,640,636
60643f2e835245dfa9b0c9c988abb748_jpg.rf.65e46709e96031825feaa863111636e9.jpg,640,640,Aadhar cards,3,0,626,638
102_509409293_jpg.rf.65e03fa397a8f74c333da07265ec2163.jpg,640,640,Aadhar cards,1,0,635,606
2b923b9c9b526e45022e18d0493946ba-1-_jpg.rf.674369aa1aa7fa8b6218307ae50b0e8f.jpg,640,640,Aadhar cards,1,0,639,635
0e0a5204f238d9c743ae456a8dc6529a_jpg.rf.691320550b344b451a527cd5703a7f50.jpg,640,640,Aadhar cards,0,1,639,639
23752a535ecca255d677464b5a7a24f4_jpg.rf.679ad66dce3c0c9f97065e4cea3577f0.jpg,640,640,Aadhar cards,1,2,634,639
19b620ad00aeb2885f0f0a1ccb337919_jpg.rf.6bb924407f8a8db926c1093da10512e0.jpg,640,640,Aadhar cards,2,1,640,634
102_509409293_jpg.rf.65ff720ad88e32ecdaf687073cad6722.jpg,640,640,Aadhar cards,4,2,622,638
0e0a5204f238d9c743ae456a8dc6529a_jpg.rf.6befc033cda6ef71905c21c2dfc7aad5.jpg,640,640,Aadhar cards,5,0,640,638
06a0686f91bed47d1f4873e4d104442c_jpg.rf.6785f28cfdd37c2c8435dd535d2e8a90.jpg,640,640,Aadhar cards,3,2,627,640
14171f7e3e906f9bb9cbee0e44b183ab-1-_jpg.rf.688382fd4341ba957e086f2ae31c16c8.jpg,640,640,Aadhar cards,6,19,640,640
19b620ad00aeb2885f0f0a1ccb337919_jpg.rf.6aded8d055feded9beecd8c768312613.jpg,640,640,Aadhar cards,2,4,633,638
14171f7e3e906f9bb9cbee0e44b183ab-1-_jpg.rf.6c95c1e294de32204873b8661164f864.jpg,640,640,Aadhar cards,5,18,640,638
3564191365d6dd7bff705c3252860029_jpg.rf.694e7fc76b0bc5fd8014b24dc25f40b0.jpg,640,640,Aadhar cards,2,2,625,635
110_504886170_jpg.rf.6a5638e2ba3bb51e46596dd866afb05a.jpg,640,640,Aadhar cards,20,61,598,640
19b620ad00aeb2885f0f0a1ccb337919_jpg.rf.6737a19b7fb6bc9a3a38a0a10a336a7b.jpg,640,640,Aadhar cards,0,0,612,634
2bfd2f150b31581bac34445b5c49dd26_jpg.rf.6a59a4926cf8ad2cd92fadd24ba7bc8e.jpg,640,640,Aadhar cards,0,2,639,621
086d820550f34066764f4047ddc263ca_jpg.rf.69c25225628a26d99ec4d3b640cf266a.jpg,640,640,Aadhar cards,29,54,582,627
71697128_jpg.rf.69a20391983ef3e90f4cde95d014d6be.jpg,640,640,Aadhar cards,1,0,634,637
102_509409293_jpg.rf.6956d1ae1dd8678812f23faa88332b76.jpg,640,640,Aadhar cards,0,17,631,630
086d820550f34066764f4047ddc263ca_jpg.rf.6b8304e4850a7902d575e7d942092a0a.jpg,640,640,Aadhar cards,25,4,637,584
0c0584201ff552c4bdcbe160315aa432_jpg.rf.6ad74cba9156ba6eed2258da34201ebf.jpg,640,640,Aadhar cards,34,2,639,587
71697128_jpg.rf.6ced761c269e7eb22314a6860c4e3a9a.jpg,640,640,Aadhar cards,0,6,638,640
110_504886170_jpg.rf.6782f8c9ed8e5b419eb73973dd789574.jpg,640,640,Aadhar cards,56,12,622,613

116508899_159713039053118_8698401500526480570_n_jpg.rf.57ec78079c049ff1fe482ca3f2cf4578.jpg,640,640,Aadhar cards,43,0,640,601
2bfd2f150b31581bac34445b5c49dd26_jpg.rf.6bdd57b62358fd74be306c9ce9baf82b.jpg,640,640,Aadhar cards,6,2,638,632
23752a535ecca255d677464b5a7a24f4_jpg.rf.6f28907522343e735bfcf0040a44e55b.jpg,640,640,Aadhar cards,0,15,632,640
110_504886170_jpg.rf.6f532d6d50c1084e8a9431751583031a.jpg,640,640,Aadhar cards,0,20,580,598
15702284b04c27864e819ad89483b80d_jpg.rf.6cdbe4e506c5adccacb0373f80a8e740.jpg,640,640,Aadhar cards,1,0,640,633
2bfd2f150b31581bac34445b5c49dd26_jpg.rf.6f45000cc26e436686d2858afe5dd583.jpg,640,640,Aadhar cards,14,2,640,634
6faf8790a38b5e6a7d9e3347ba84a24f_jpg.rf.70de42b23a50c35e111eae20ae582ab8.jpg,640,640,Aadhar cards,17,16,640,628
23752a535ecca255d677464b5a7a24f4_jpg.rf.71d80a6f12a60e04580dbc7123f18f86.jpg,640,640,Aadhar cards,15,9,639,640
0e0a5204f238d9c743ae456a8dc6529a_jpg.rf.723b0c51c6fc206009ed595d82aecf1a.jpg,640,640,Aadhar cards,0,2,631,640
110_504886170_jpg.rf.728133a31cd215cb17aee09c45f990b6.jpg,640,640,Aadhar cards,44,15,630,617
17e77ff746a7f6995dcbe80f0b107701_jpg.rf.6a373dc276340a823ee9205d55379f76.jpg,640,640,Aadhar cards,22,0,640,630

19b620ad00aeb2885f0f0a1ccb337919_jpg.rf.710b1ad59023402c92e8d5ed88d811cb.jpg,640,640,Aadhar cards,5,5,640,640
2b923b9c9b526e45022e18d0493946ba-1-_jpg.rf.6a39b69c31c2b2ec7231f9fc2650eac1.jpg,640,640,Aadhar cards,1,4,633,634
0e0a5204f238d9c743ae456a8dc6529a_jpg.rf.6be3d3045f860f7d6b633c1d01653563.jpg,640,640,Aadhar cards,0,3,636,616
0521_adhar_jpg.rf.6ef9325ccbc2e450f771aa6cb527eae0.jpg,640,640,Aadhar cards,0,0,636,634
0c0584201ff552c4bdcbe160315aa432_jpg.rf.751345f2fbbdc3efe8e260f1212fb6a5.jpg,640,640,Aadhar cards,35,42,640,640
19b620ad00aeb2885f0f0a1ccb337919_jpg.rf.746d86dc9c0f2d443a5e68befbc6c66c.jpg,640,640,Aadhar cards,7,2,639,639
0e0a5204f238d9c743ae456a8dc6529a_jpg.rf.736b95d1f1e2d320da27d05f83a5e639.jpg,640,640,Aadhar cards,2,6,635,638
116508899_159713039053118_8698401500526480570_n_jpg.rf.7592acdaefdec67f5b742a0a87887dba.jpg,640,640,Aadhar cards,3,5,605,625
1b26b406ad9485c98cd496bc371db57f_jpg.rf.71ff6eb743e6ee3c272d46ba16075c58.jpg,640,640,Aadhar cards,4,0,640,640
23752a535ecca255d677464b5a7a24f4_jpg.rf.7706872c1bc16222e5e47701b5dc5128.jpg,640,640,Aadhar cards,0,17,629,640
2bfd2f150b31581bac34445b5c49dd26_jpg.rf.75ba12ace541cd42c98095b8a67c72a9.jpg,640,640,Aadhar cards,5,7,640,640
0e0a5204f238d9c743ae456a8dc6529a_jpg.rf.7a19ce6c4e27646d8c8363c1ff17d469.jpg,640,640,Aadhar cards,9,0,640,638
60643f2e835245dfa9b0c9c988abb748_jpg.rf.7415b0b2bd90b02d4396d4f1ae213c4d.jpg,640,640,Aadhar cards,3,3,640,624
0e0a5204f238d9c743ae456a8dc6529a_jpg.rf.7aef4e99f48e4e3de9b4555962fd9463.jpg,640,640,Aadhar cards,1,1,634,639

2b923b9c9b526e45022e18d0493946ba-1-_jpg.rf.77b543c9a5f41883742c2690b662879b.jpg,640,640,Aadhar cards,4,5,637,640
17e77ff746a7f6995dcbe80f0b107701_jpg.rf.7771bb371ae443047d070529db28c245.jpg,640,640,Aadhar cards,2,19,636,640
60643f2e835245dfa9b0c9c988abb748_jpg.rf.6f8e8036e905b1e2c09b571e372bd8d3.jpg,640,640,Aadhar cards,2,29,640,640
23752a535ecca255d677464b5a7a24f4_jpg.rf.79f3e6ca4ae7ed45184bf37b5565a6b5.jpg,640,640,Aadhar cards,3,13,636,640
0d4c873ace54e82fb49c451a9bdc6d24_jpg.rf.7a338a6006954c3ed8e651157def693b.jpg,640,640,Aadhar cards,0,1,639,589
19b620ad00aeb2885f0f0a1ccb337919_jpg.rf.7b4f81921a75f342f967e2f29692e356.jpg,640,640,Aadhar cards,1,0,639,640
17e77ff746a7f6995dcbe80f0b107701_jpg.rf.7beb83c45e5135f4f253e0cd3b4972ec.jpg,640,640,Aadhar cards,0,10,640,636
0c0584201ff552c4bdcbe160315aa432_jpg.rf.78508f9cec78bea7d4efbbcb4922c941.jpg,640,640,Aadhar cards,28,0,638,634
06a0686f91bed47d1f4873e4d104442c_jpg.rf.7b458dbca97ede0d25625b0f25e19d35.jpg,640,640,Aadhar cards,17,16,640,640
0e0a5204f238d9c743ae456a8dc6529a_jpg.rf.7605ac9a4fdb93fb74a9df1d46886d9d.jpg,640,640,Aadhar cards,0,0,629,616
17e77ff746a7f6995dcbe80f0b107701_jpg.rf.7b6b952d33e4d36fc09e842cd69f31b6.jpg,640,640,Aadhar cards,19,4,640,638
1_xMzwx1zuB5KlpNM53l2nfw_jpg.rf.7e8d2907ca50e21db582166bb3e8bfea.jpg,640,640,Aadhar cards,14,0,635,639
3564191365d6dd7bff705c3252860029_jpg.rf.7f88518675dc9b55aeccee2bae7889fd.jpg,640,640,Aadhar cards,10,36,620,638
0521_adhar_jpg.rf.7818abd1a7a52afcc02fa76eb60cbe79.jpg,640,640,aadharcards,0,2,607,640
15702284b04c27864e819ad89483b80d_jpg.rf.7a0363e1077091d33f659c5e0311b37a.jpg,640,640,Aadhar cards,0,9,640,639
71697128_jpg.rf.7916c0493fe0c36443ac7bf4f3406487.jpg,640,640,Aadhar cards,13,15,640,639
17e77ff746a7f6995dcbe80f0b107701_jpg.rf.7f5ca34b4e731d6cfd2dc5f9485cda30.jpg,640,640,Aadhar cards,0,15,636,632
1c89969c27b6f7ea57d47a74f579b5cc-1-_jpg.rf.73b6083e2904e19f97170c0299680c34.jpg,640,640,Aadhar cards,0,0,637,636
2b923b9c9b526e45022e18d0493946ba-1-_jpg.rf.7ebfaa7a31bd932c7ec7217a94567cec.jpg,640,640,Aadhar cards,2,0,638,636
086d820550f34066764f4047ddc263ca_jpg.rf.8026a9b86c5ad46f88a5faf9048ba73a.jpg,640,640,Aadhar cards,83,3,621,632
116508899_159713039053118_8698401500526480570_n_jpg.rf.7e372f7e2c20af79677de0b342e5e730.jpg,640,640,Aadhar cards,18,1,636,606
2b923b9c9b526e45022e18d0493946ba-1-_jpg.rf.7aafc03e933b69b941b529af1b05b895.jpg,640,640,Aadhar cards,1,0,638,628
086d820550f34066764f4047ddc263ca_jpg.rf.83e82eab034a545bbf6c603fffad2c7a.jpg,640,640,Aadhar cards,13,30,587,584
102_509409293_jpg.rf.83783ea41f3182893bac10c879e4e1ab.jpg,640,640,Aadhar cards,4,20,639,640
71697128_jpg.rf.804d1b5e53dbceb245d54d7fb0d391cc.jpg,640,640,Aadhar cards,2,0,627,635
3564191365d6dd7bff705c3252860029_jpg.rf.822a57910146f1bab4e0a70e92e1a751.jpg,640,640,Aadhar cards,36,46,639,640
1_xMzwx1zuB5KlpNM53l2nfw_jpg.rf.8588d75ca50a72cfa86362c3094f080c.jpg,640,640,Aadhar cards,14,0,640,640
0e0a5204f238d9c743ae456a8dc6529a_jpg.rf.870233e604451f8f1cad2070733467eb.jpg,640,640,Aadhar cards,2,5,640,639
14171f7e3e906f9bb9cbee0e44b183ab-1-_jpg.rf.85c33298e7333be7e800917ca2b84d31.jpg,640,640,Aadhar cards,2,0,631,640
2b923b9c9b526e45022e18d0493946ba-1-_jpg.rf.82d56d46aa47a2a0c9139ab88dfffdcf.jpg,640,640,Aadhar cards,1,6,634,632
0d4c873ace54e82fb49c451a9bdc6d24_jpg.rf.891377a9546c2924ecd7fcf147c0a347.jpg,640,640,Aadhar cards,51,0,639,639
102_509409293_jpg.rf.8a0131896050153063eb00f469745439.jpg,640,640,Aadhar cards,12,33,640,640
15702284b04c27864e819ad89483b80d_jpg.rf.87ce8d23bcd9710f112e73204415d924.jpg,640,640,Aadhar cards,18,6,640,639
102_509409293_jpg.rf.7dae385686f2129ee083d92958153426.jpg,640,640,Aadhar cards,34,1,639,632
3564191365d6dd7bff705c3252860029_jpg.rf.8b94aa29b02a9ef32da005f0340af6d4.jpg,640,640,Aadhar cards,6,41,622,640
17e77ff746a7f6995dcbe80f0b107701_jpg.rf.8c10abb1c7068a2259106db4480be601.jpg,640,640,Aadhar cards,9,0,626,637
2b923b9c9b526e45022e18d0493946ba-1-_jpg.rf.863f01eb1d569b3fda6ed134b07e8467.jpg,640,640,Aadhar cards,1,4,638,639
0e0a5204f238d9c743ae456a8dc6529a_jpg.rf.8b3471ccec74654f561d4783090eb61c.jpg,640,640,Aadhar cards,1,0,635,639
19b620ad00aeb2885f0f0a1ccb337919_jpg.rf.8a29992c247a9ae7e147c0744f046ce6.jpg,640,640,Aadhar cards,0,11,636,640
2017_7image_01_34_3344908890_jpg.rf.8b7e5ee1429f0c51bf3b12e1d42d571a.jpg,640,640,Aadhar cards,3,3,639,640
2b923b9c9b526e45022e18d0493946ba-1-_jpg.rf.8cc430beeba2b8547feb7197727591e1.jpg,640,640,Aadhar cards,1,0,640,636
23752a535ecca255d677464b5a7a24f4_jpg.rf.860fde9ad97780f13e5e6a0e244d54f6.jpg,640,640,Aadhar cards,0,17,630,640
60643f2e835245dfa9b0c9c988abb748_jpg.rf.8d34793bb6c2a1615a17e69fcb88ebfe.jpg,640,640,Aadhar cards,2,29,639,639
0d4c873ace54e82fb49c451a9bdc6d24_jpg.rf.8a209cdc0b3fb2f6c898053795f10539.jpg,640,640,Aadhar cards,4,30,632,625
15702284b04c27864e819ad89483b80d_jpg.rf.8b34c578a635b8253ba768333be00b9d.jpg,640,640,Aadhar cards,2,0,616,640
2017_7image_01_34_3344908890_jpg.rf.8d86f6b15f0289d70e61e6fd412476a7.jpg,640,640,Aadhar cards,3,1,640,638
086d820550f34066764f4047ddc263ca_jpg.rf.8cd380287a31c8c60bf91dce27ea3aef.jpg,640,640,Aadhar cards,48,56,622,640
17e77ff746a7f6995dcbe80f0b107701_jpg.rf.8894ac963df4095f140afbf701e12072.jpg,640,640,Aadhar cards,5,2,632,638
14171f7e3e906f9bb9cbee0e44b183ab-1-_jpg.rf.8d979fc9f3d16b07412288b9ce1f182f.jpg,640,640,Aadhar cards,0,16,639,639
15702284b04c27864e819ad89483b80d_jpg.rf.83a480838869ca8b5733f9710245242a.jpg,640,640,Aadhar cards,22,29,639,640
23752a535ecca255d677464b5a7a24f4_jpg.rf.8d8c68acbe588ad89a5e2277d1eb3c5c.jpg,640,640,Aadhar cards,12,0,640,627
6faf8790a38b5e6a7d9e3347ba84a24f_jpg.rf.8ec284ddd3749d5d3627e650767e98e3.jpg,640,640,Aadhar cards,33,7,640,639
2b923b9c9b526e45022e18d0493946ba-1-_jpg.rf.8bfa6f0e3cbd115e97dcd5c6ebed42c0.jpg,640,640,Aadhar cards,3,10,629,639
102_509409293_jpg.rf.7f81689140af637bc519b86edc3a3f66.jpg,640,640,Aadhar cards,12,32,638,638
110_504886170_jpg.rf.8fb17446fbf1f75beea6fe5e1d41a23e.jpg,640,640,Aadhar cards,46,1,638,579
71697128_jpg.rf.9007ad5aac45b3728362067620824504.jpg,640,640,Aadhar cards,13,0,639,640
0521_adhar_jpg.rf.9337593de6d378bea2fc09037f43e56d.jpg,640,640,Aadhar cards,0,295,620,624
0521_adhar_jpg.rf.9337593de6d378bea2fc09037f43e56d.jpg,640,640,Aadhar cards,0,0,594,309
35c4f8abcda3c0e3fe13b2435deaaff4_jpg.rf.88820818754b68505aeb0a0e9e1956c6.jpg,640,640,Aadhar cards,22,27,626,626
15702284b04c27864e819ad89483b80d_jpg.rf.8951e65947be02e65e64c9a228f1467e.jpg,640,640,Aadhar cards,14,0,632,629
2017_7image_01_34_3344908890_jpg.rf.911a1e8bc78dc58ef0ed1b78edd79170.jpg,640,640,Aadhar cards,1,10,633,639
19b620ad00aeb2885f0f0a1ccb337919_jpg.rf.942642eaad697f76240d57737179b170.jpg,640,640,Aadhar cards,1,2,632,638
110_504886170_jpg.rf.8e86b53eeba1d93a6c6a538308ea623b.jpg,640,640,Aadhar cards,2,5,624,607
1_xMzwx1zuB5KlpNM53l2nfw_jpg.rf.922a8b358bda9625ac2750f7745daa3f.jpg,640,640,Aadhar cards,0,5,639,625
3564191365d6dd7bff705c3252860029_jpg.rf.948a46915cbd6b93a71b3fb54b016d9a.jpg,640,640,Aadhar cards,1,49,634,640
14171f7e3e906f9bb9cbee0e44b183ab-1-_jpg.rf.93a9449d5600c397d417aa57b3da14f6.jpg,640,640,Aadhar cards,0,8,640,640
0e0a5204f238d9c743ae456a8dc6529a_jpg.rf.8ea2a808e1d9436492a5e04ad331597e.jpg,640,640,Aadhar cards,0,0,635,618
06a0686f91bed47d1f4873e4d104442c_jpg.rf.923d9df36d23bfabefd1d6c3acb7360d.jpg,640,640,Aadhar cards,12,0,638,632
086d820550f34066764f4047ddc263ca_jpg.rf.958e419f99491744ff75b0f00835e84d.jpg,640,640,Aadhar cards,57,13,610,587
086d820550f34066764f4047ddc263ca_jpg.rf.93da7f26a5a20c79088e080af49159a1.jpg,640,640,Aadhar cards,51,60,636,640
0e0a5204f238d9c743ae456a8dc6529a_jpg.rf.9828f3a29c2f13bccf39a2a3f51d3e9d.jpg,640,640,Aadhar cards,25,0,640,638
2bfd2f150b31581bac34445b5c49dd26_jpg.rf.909420e8f224846a9cf9af7151b52707.jpg,640,640,Aadhar cards,0,0,640,640
1_xMzwx1zuB5KlpNM53l2nfw_jpg.rf.9c123663954ed4c4d00407d222f59f45.jpg,640,640,Aadhar cards,0,1,623,629
2017_7image_01_34_3344908890_jpg.rf.9a861a6c222c2fee180a64571a3fe3de.jpg,640,640,Aadhar cards,2,0,635,635
0d4c873ace54e82fb49c451a9bdc6d24_jpg.rf.94632b3d994f3c0e0ad9bc45ca1fc0bc.jpg,640,640,Aadhar cards,13,20,617,640
0e0a5204f238d9c743ae456a8dc6529a_jpg.rf.9a61e4dd435ff1f070dda3c44aecc36e.jpg,640,640,Aadhar cards,6,5,640,640
3564191365d6dd7bff705c3252860029_jpg.rf.9832cabff1e6a82020744fbd662ebd85.jpg,640,640,Aadhar cards,36,19,638,631
0d4c873ace54e82fb49c451a9bdc6d24_jpg.rf.9f0b555ed7b21ff9ec086788eb38bbfc.jpg,640,640,Aadhar cards,5,46,640,639
15702284b04c27864e819ad89483b80d_jpg.rf.9738852a083b04506602b410311cb844.jpg,640,640,Aadhar cards,18,1,639,638
2017_7image_01_34_3344908890_jpg.rf.9dcd19a398104bc60b880602fc0c0082.jpg,640,640,Aadhar cards,18,12,638,640
1b26b406ad9485c98cd496bc371db57f_jpg.rf.9f20c4241f6aa6f112067721325c4733.jpg,640,640,Aadhar cards,0,0,640,636
14171f7e3e906f9bb9cbee0e44b183ab-1-_jpg.rf.99ee47df44a76d077e4f82ee4b272eda.jpg,640,640,Aadhar cards,2,5,621,639
0e0a5204f238d9c743ae456a8dc6529a_jpg.rf.9f902a9fb3a9fb6e04f429d02602fa1a.jpg,640,640,Aadhar cards,0,2,640,637
1c89969c27b6f7ea57d47a74f579b5cc-2-_jpg.rf.9fe42788b64d2fc3cbdb787cfa64e444.jpg,640,640,Aadhar cards,0,0,637,640
2017_7image_01_34_3344908890_jpg.rf.9eb126b9ec14dee548aedd6ac7bff5a6.jpg,640,640,Aadhar cards,17,2,640,638
1_xMzwx1zuB5KlpNM53l2nfw_jpg.rf.990aecdbed2d0b85d145bae8453b29ed.jpg,640,640,Aadhar cards,0,1,636,624
2017_7image_01_34_3344908890_jpg.rf.9eebe8c145efa49972bd5ea96b181fec.jpg,640,640,Aadhar cards,0,17,629,639
35c4f8abcda3c0e3fe13b2435deaaff4_jpg.rf.a0814c21f54c1bf9d431cc5ae7b015ca.jpg,640,640,Aadhar cards,6,1,613,637
110_504886170_jpg.rf.9789e17680c8044d4f844038e97fe6e9.jpg,640,640,Aadhar cards,23,23,615,610
0c0584201ff552c4bdcbe160315aa432_jpg.rf.a0a8ff2ebf8b9aeb7749b94b2ad71eff.jpg,640,640,Aadhar cards,28,0,639,634
19b620ad00aeb2885f0f0a1ccb337919_jpg.rf.a463dff1b39981662615575f8167d2d7.jpg,640,640,Aadhar cards,3,0,638,640

2b923b9c9b526e45022e18d0493946ba-1-_jpg.rf.a49f657fea6e421f3f83cb868b241a54.jpg,640,640,Aadhar cards,5,1,640,638
3564191365d6dd7bff705c3252860029_jpg.rf.a18745a87cfb96e2b0f66e9b2890b291.jpg,640,640,Aadhar cards,0,35,638,639
2b923b9c9b526e45022e18d0493946ba-1-_jpg.rf.881ce4a476bb3c469c393846d2b7a1b4.jpg,640,640,Aadhar cards,0,3,640,640
60643f2e835245dfa9b0c9c988abb748_jpg.rf.a2dfdf2066011d3f3e0caa82c92ff9ce.jpg,640,640,Aadhar cards,29,2,638,638
2b923b9c9b526e45022e18d0493946ba-1-_jpg.rf.9cf10e5e781492f1e3d82ae508474a5c.jpg,640,640,Aadhar cards,5,4,639,636
1b26b406ad9485c98cd496bc371db57f_jpg.rf.a3bd0200ef2aadaf01a2c2acd2640ea2.jpg,640,640,Aadhar cards,13,0,640,640
35c4f8abcda3c0e3fe13b2435deaaff4_jpg.rf.a55ef4c78ab3326b3d25412f9e084cfa.jpg,640,640,Aadhar cards,22,27,625,624
110_504886170_jpg.rf.a276870c3732305d820fdfc9fee682c3.jpg,640,640,Aadhar cards,28,0,633,606
3564191365d6dd7bff705c3252860029_jpg.rf.a6a6ee51e04bda81fd1389b6afd7db23.jpg,640,640,Aadhar cards,0,22,609,634
102_509409293_jpg.rf.a1fcf9c196e4256e3649a1e0a55e3e3b.jpg,640,640,Aadhar cards,2,19,638,636
71697128_jpg.rf.9b529a83b1d7131ff5f97e71d706f42d.jpg,640,640,Aadhar cards,6,5,639,640
71697128_jpg.rf.a511b12506822c98f958f784d37851a1.jpg,640,640,Aadhar cards,0,2,620,620
110_504886170_jpg.rf.a3e1e7768f9519b8f9bce35179659dc7.jpg,640,640,Aadhar cards,15,10,617,597
23752a535ecca255d677464b5a7a24f4_jpg.rf.a7e65122430041c358b13617b7c89b95.jpg,640,640,Aadhar cards,0,3,640,640
110_504886170_jpg.rf.a26bcdeb1ccee5284ad6c3405a2ba777.jpg,640,640,Aadhar cards,0,14,589,596
110_504886170_jpg.rf.a8f05c8b564a21cee2374fb047db17e7.jpg,640,640,Aadhar cards,19,32,620,595
116508899_159713039053118_8698401500526480570_n_jpg.rf.951e113002a85a7ac83dbaccba6fd4d9.jpg,640,640,Aadhar cards,11,8,639,635
60643f2e835245dfa9b0c9c988abb748_jpg.rf.a958aba6670fcb16379a889fb6dd2a41.jpg,640,640,Aadhar cards,1,6,637,639
17e77ff746a7f6995dcbe80f0b107701_jpg.rf.a3158f7cd0f595b0b51009ef1f236178.jpg,640,640,Aadhar cards,3,10,623,639
086d820550f34066764f4047ddc263ca_jpg.rf.a7492682837ac60ca1d05d108533ca1c.jpg,640,640,Aadhar cards,6,57,598,620
102_509409293_jpg.rf.a9e76bca045845e8f8bdb1a320b4c7bb.jpg,640,640,Aadhar cards,0,5,607,640
2017_7image_01_34_3344908890_jpg.rf.ac285863a5066e7f712ca84005183b87.jpg,640,640,Aadhar cards,2,0,639,640
3564191365d6dd7bff705c3252860029_jpg.rf.a7d161f65dd5f0fdebc3b9c7126a1555.jpg,640,640,Aadhar cards,4,2,639,639
15702284b04c27864e819ad89483b80d_jpg.rf.aa550f5dfc658e2fb700f845437221e7.jpg,640,640,Aadhar cards,0,24,640,638
086d820550f34066764f4047ddc263ca_jpg.rf.aa6a44329b6808caad3f2682245d2ce3.jpg,640,640,Aadhar cards,81,2,622,630
0e0a5204f238d9c743ae456a8dc6529a_jpg.rf.ab4fea0a0403bf9d1b58bce63e07bf98.jpg,640,640,Aadhar cards,22,7,640,638
086d820550f34066764f4047ddc263ca_jpg.rf.ac3b0f41f259d65cd126d57c2aefa91d.jpg,640,640,Aadhar cards,16,7,570,624
14171f7e3e906f9bb9cbee0e44b183ab-1-_jpg.rf.af9c23a81aa52e2653e68d9e678e02cc.jpg,640,640,Aadhar cards,0,6,620,638
14171f7e3e906f9bb9cbee0e44b183ab-1-_jpg.rf.ae967d2ac79c9b0c85047c775dbc3683.jpg,640,640,Aadhar cards,1,5,632,639
2b923b9c9b526e45022e18d0493946ba-1-_jpg.rf.ac974a1f0efe5ba3c2fe8d9e2d9a9fd5.jpg,640,640,Aadhar cards,0,0,618,639
06a0686f91bed47d1f4873e4d104442c_jpg.rf.af89327f334c65f7fece8e231e17560b.jpg,640,640,Aadhar cards,17,16,640,640
15702284b04c27864e819ad89483b80d_jpg.rf.a9c77142ee2a4e9e4c6ffdf5df60ceaa.jpg,640,640,Aadhar cards,18,6,640,640

102_509409293_jpg.rf.ad88158d81dd60a3dae42fc7e1c3d1fb.jpg,640,640,Aadhar cards,15,30,640,637
19b620ad00aeb2885f0f0a1ccb337919_jpg.rf.a9442f95ff0aa240bd44302575627f9c.jpg,640,640,Aadhar cards,0,1,613,636
14171f7e3e906f9bb9cbee0e44b183ab-1-_jpg.rf.a643d7befcb2cd4cc78933b2d8379a3e.jpg,640,640,Aadhar cards,0,1,640,632
14171f7e3e906f9bb9cbee0e44b183ab_jpg.rf.a699bea5f84221b5ba9ca8f7d63f17a9.jpg,640,640,Aadhar cards,6,31,635,640
3564191365d6dd7bff705c3252860029_jpg.rf.a7ba91708988131da9f71c46bfd33d5f.jpg,640,640,Aadhar cards,58,7,639,634
102_509409293_jpg.rf.acc1154e7a8654a498efd80e34b8f781.jpg,640,640,Aadhar cards,16,29,640,636
2b923b9c9b526e45022e18d0493946ba-1-_jpg.rf.b03ea3b1b7869ca72004188fc10823e2.jpg,640,640,Aadhar cards,10,11,639,637
17e77ff746a7f6995dcbe80f0b107701_jpg.rf.a97aff46db8cc4324e1e17aaad2fc80e.jpg,640,640,Aadhar cards,0,0,621,637
0e0a5204f238d9c743ae456a8dc6529a_jpg.rf.b136478407305c2517c483c038d9123c.jpg,640,640,Aadhar cards,0,0,628,616
086d820550f34066764f4047ddc263ca_jpg.rf.96138a0cb6289633d61aa6a040f7c113.jpg,640,640,Aadhar cards,6,57,598,620
086d820550f34066764f4047ddc263ca_jpg.rf.b09d05c033370d6fe6dfee14782df353.jpg,640,640,Aadhar cards,17,16,621,637
17e77ff746a7f6995dcbe80f0b107701_jpg.rf.b0d45e310e22f932de6e9d378a36212e.jpg,640,640,Aadhar cards,3,11,624,640
19b620ad00aeb2885f0f0a1ccb337919_jpg.rf.b18b245b290979c816fe95858f077067.jpg,640,640,Aadhar cards,0,1,640,639
19b620ad00aeb2885f0f0a1ccb337919_jpg.rf.b0db708d699b094c8d4d11c7a8035676.jpg,640,640,Aadhar cards,6,0,640,612
35c4f8abcda3c0e3fe13b2435deaaff4_jpg.rf.b0940538135b44155e8c937ca23bf2f5.jpg,640,640,Aadhar cards,16,22,613,625
60643f2e835245dfa9b0c9c988abb748_jpg.rf.b23c9a3375be74b415ad01248b2b03e4.jpg,640,640,Aadhar cards,10,0,639,640
2b923b9c9b526e45022e18d0493946ba-1-_jpg.rf.b28a8c49afaa4327222100cbbfad157f.jpg,640,640,Aadhar cards,3,0,640,639
19b620ad00aeb2885f0f0a1ccb337919_jpg.rf.b30ff195bd5d90e0f11fa0b8ac71d324.jpg,640,640,Aadhar cards,0,2,640,637
60643f2e835245dfa9b0c9c988abb748_jpg.rf.b607055be87a9dff310e081af84f251a.jpg,640,640,Aadhar cards,6,3,640,640
14171f7e3e906f9bb9cbee0e44b183ab-1-_jpg.rf.ab59560564d58af8190295201be220d4.jpg,640,640,Aadhar cards,6,0,640,637
2b923b9c9b526e45022e18d0493946ba_jpg.rf.b570ff640d220199bdda3e3d30f3e8d7.jpg,640,640,Aadhar cards,16,0,639,638
14171f7e3e906f9bb9cbee0e44b183ab_jpg.rf.b47cbfe9abb7a3e8d1046a8bd67c74c8.jpg,640,640,Aadhar cards,0,0,639,626
19b620ad00aeb2885f0f0a1ccb337919_jpg.rf.b2782819bb9483cda214226587d597cf.jpg,640,640,Aadhar cards,2,4,633,638
3564191365d6dd7bff705c3252860029_jpg.rf.b52dfa1c63c0c8637d059925917c9f2b.jpg,640,640,Aadhar cards,2,55,633,637
086d820550f34066764f4047ddc263ca_jpg.rf.b34379294c5b3d2cbd707e539b4a1fc0.jpg,640,640,Aadhar cards,3,56,615,636
2b923b9c9b526e45022e18d0493946ba-1-_jpg.rf.b553e8c1c738e93f52abd559db8a8c7f.jpg,640,640,Aadhar cards,0,2,636,638
102_509409293_jpg.rf.aa991c24c20534069fd2ad452fd46e40.jpg,640,640,Aadhar cards,0,6,615,639
6faf8790a38b5e6a7d9e3347ba84a24f_jpg.rf.b491e04c834a8daad92e815852bc972b.jpg,640,640,Aadhar cards,17,16,640,628
2b923b9c9b526e45022e18d0493946ba-1-_jpg.rf.01c5cef849509df52653b58736198494.jpg,640,640,Aadhar cards,11,1,640,640
110_504886170_jpg.rf.017a4fa66d736a236c13f430a679a60f.jpg,640,640,Aadhar cards,35,28,640,632
71697128_jpg.rf.011ac10fd3f1d158dabdb248042c1b63.jpg,640,640,Aadhar cards,4,14,639,640
71697128_jpg.rf.05be78c95eb27992df96ac4d0b67bf58.jpg,640,640,Aadhar cards,0,2,640,630
2b923b9c9b526e45022e18d0493946ba-1-_jpg.rf.05de4757bbd4e523168a91db45310a85.jpg,640,640,Aadhar cards,3,0,639,640
1b26b406ad9485c98cd496bc371db57f_jpg.rf.025aa84982aa2d2c9d1fec3812eaad0b.jpg,640,640,Aadhar cards,5,3,640,638
23752a535ecca255d677464b5a7a24f4_jpg.rf.06e5bf072afdb533f0ae454bebafd682.jpg,640,640,Aadhar cards,0,3,627,636
15702284b04c27864e819ad89483b80d_jpg.rf.01a4ff7231ae028792516b0b21760cb6.jpg,640,640,Aadhar cards,1,33,639,639
086d820550f34066764f4047ddc263ca_jpg.rf.0795cfc2eccfd32aed117ff3fcd5597d.jpg,640,640,Aadhar cards,11,50,588,616
3564191365d6dd7bff705c3252860029_jpg.rf.09d4137dab675b54a8fb38c6ddeec17d.jpg,640,640,Aadhar cards,13,0,612,632
2bfd2f150b31581bac34445b5c49dd26_jpg.rf.08453a675ea593a14ecadabf03ea6cc3.jpg,640,640,Aadhar cards,3,0,638,623
14171f7e3e906f9bb9cbee0e44b183ab-1-_jpg.rf.069a74899790117e19abe6d5c6bdacec.jpg,640,640,Aadhar cards,0,2,640,631
19b620ad00aeb2885f0f0a1ccb337919_jpg.rf.0af91a2a38bae75517d041341ae3d747.jpg,640,640,Aadhar cards,0,0,630,637
0e0a5204f238d9c743ae456a8dc6529a_jpg.rf.06bf4d643560e351011434a1c5dcc9c4.jpg,640,640,Aadhar cards,0,2,640,637
116508899_159713039053118_8698401500526480570_n_jpg.rf.067e626e71d95a2170813d2f308f08d5.jpg,640,640,Aadhar cards,10,8,639,635
3564191365d6dd7bff705c3252860029_jpg.rf.0645c2fc5e925619b7bd73709ee0b94c.jpg,640,640,Aadhar cards,5,2,638,627
23752a535ecca255d677464b5a7a24f4_jpg.rf.09b10974ab5887842964c2cf419822c2.jpg,640,640,Aadhar cards,3,0,639,640
0c0584201ff552c4bdcbe160315aa432_jpg.rf.01a437a5324586c17aa7fb02b55e7768.jpg,640,640,Aadhar cards,1,23,640,630
1_xMzwx1zuB5KlpNM53l2nfw_jpg.rf.035743258f70aafb6e528263c25bb9ff.jpg,640,640,Aadhar cards,0,1,637,625
2017_7image_01_34_3344908890_jpg.rf.0b4d6881a661bcd020fb6d32c3672072.jpg,640,640,Aadhar cards,2,11,640,640
0521_adhar_jpg.rf.079056603f72bdea84628f1a84898277.jpg,640,640,Aadhar cards,7,0,640,635
14171f7e3e906f9bb9cbee0e44b183ab-1-_jpg.rf.095274ead4a81dd251d0657c2d46f62a.jpg,640,640,Aadhar cards,0,1,635,638
71697128_jpg.rf.019c1b0ac147c2dcacc7c7ea00de6fbf.jpg,640,640,Aadhar cards,5,3,638,640
0c0584201ff552c4bdcbe160315aa432_jpg.rf.0b57ef32b727d54c1090da8cd5d549fe.jpg,640,640,Aadhar cards,17,11,604,638
2bfd2f150b31581bac34445b5c49dd26_jpg.rf.06cda4f53bc7fc6cc800912751fa75ad.jpg,640,640,Aadhar cards,0,5,634,638

06a0686f91bed47d1f4873e4d104442c_jpg.rf.100ff2eaada153badc780ee291d79a17.jpg,640,640,Aadhar cards,7,1,638,638
1b26b406ad9485c98cd496bc371db57f_jpg.rf.11791bec2dce319b4ab25f4ab279347f.jpg,640,640,Aadhar cards,5,3,640,639
2017_7image_01_34_3344908890_jpg.rf.0db2f30ce36968a9967d70027904ec89.jpg,640,640,Aadhar cards,0,9,635,638
2b923b9c9b526e45022e18d0493946ba-1-_jpg.rf.0f389bbe67e8cac1a74184ef808f421a.jpg,640,640,Aadhar cards,3,11,630,640
2b923b9c9b526e45022e18d0493946ba-1-_jpg.rf.112e484dbf0517cf97bcdf3b71a9b703.jpg,640,640,Aadhar cards,0,0,618,639
116508899_159713039053118_8698401500526480570_n_jpg.rf.096199c81fe60af6fedf07bc9ef48ae8.jpg,640,640,Aadhar cards,18,1,637,607
1b26b406ad9485c98cd496bc371db57f_jpg.rf.0ff93e8ea2e33ccc9c7281bf8f286e99.jpg,640,640,Aadhar cards,4,0,636,639
1_xMzwx1zuB5KlpNM53l2nfw_jpg.rf.119461b5db382eebe712d88daeecdfca.jpg,640,640,Aadhar cards,4,0,619,617
1c89969c27b6f7ea57d47a74f579b5cc-1-_jpg.rf.0a644989455d7377c9fe47e7e28e2881.jpg,640,640,Aadhar cards,0,4,640,638
116508899_159713039053118_8698401500526480570_n_jpg.rf.13e07807fe30f4650e12809e335b4167.jpg,640,640,Aadhar cards,36,0,636,633
116508899_159713039053118_8698401500526480570_n_jpg.rf.1012fa00510034f5114cfb7376c4a527.jpg,640,640,Aadhar cards,40,43,640,640
23752a535ecca255d677464b5a7a24f4_jpg.rf.1308b5d5cb4a73326082834949687fbc.jpg,640,640,Aadhar cards,0,3,640,640
23752a535ecca255d677464b5a7a24f4_jpg.rf.14a8a55c33bb3b9fcc22dadcf720a9d8.jpg,640,640,Aadhar cards,0,15,636,640
17e77ff746a7f6995dcbe80f0b107701_jpg.rf.13824a6f2b11f00be5888c8853d52277.jpg,640,640,Aadhar cards,0,19,636,640
2bfd2f150b31581bac34445b5c49dd26_jpg.rf.138a4004c3072fdc2c6fba25595f84da.jpg,640,640,Aadhar cards,0,6,618,638
60643f2e835245dfa9b0c9c988abb748_jpg.rf.14b34cd7e1f3829df578a9bd11228dae.jpg,640,640,Aadhar cards,3,0,624,637
23752a535ecca255d677464b5a7a24f4_jpg.rf.17a0f1ccb524d50e3b444a941c9f05c8.jpg,640,640,Aadhar cards,1,4,640,638
2b923b9c9b526e45022e18d0493946ba-1-_jpg.rf.14a50dca16aa5e2c0f221b9ac44e4a4e.jpg,640,640,Aadhar cards,1,2,638,629
0c0584201ff552c4bdcbe160315aa432_jpg.rf.167ca2b7a3ae19c13b3338603a89d7db.jpg,640,640,Aadhar cards,53,34,640,640
102_509409293_jpg.rf.138e5e7f4ebaf68919ec53d92f0f3ab5.jpg,640,640,Aadhar cards,13,0,640,619
71697128_jpg.rf.141e7533e59859297835f9c3ec30a804.jpg,640,640,Aadhar cards,0,10,640,638
086d820550f34066764f4047ddc263ca_jpg.rf.156defb6ab2b0b436b95041316bdc49f.jpg,640,640,Aadhar cards,11,50,588,616
2017_7image_01_34_3344908890_jpg.rf.140542bb7c38c2002389f541bdac07dd.jpg,640,640,Aadhar cards,1,18,627,640
17e77ff746a7f6995dcbe80f0b107701_jpg.rf.17774d378971e84c9d9fac6cc798e744.jpg,640,640,Aadhar cards,0,2,616,630
17e77ff746a7f6995dcbe80f0b107701_jpg.rf.1a77ae3da9da8804bcdf0429c04a8a12.jpg,640,640,Aadhar cards,9,0,624,636
15702284b04c27864e819ad89483b80d_jpg.rf.1c0d030e61c6beda567eb39ee7ac804d.jpg,640,640,Aadhar cards,0,5,623,639
14171f7e3e906f9bb9cbee0e44b183ab-1-_jpg.rf.1b0f015a07c35902419227dfa275d2fc.jpg,640,640,Aadhar cards,0,0,638,635
2bfd2f150b31581bac34445b5c49dd26_jpg.rf.1695668b41e4c9c88102061765a44655.jpg,640,640,Aadhar cards,8,7,640,640
2b923b9c9b526e45022e18d0493946ba-1-_jpg.rf.174ddd5c005d9ed0906a26567fcfd44d.jpg,640,640,Aadhar cards,4,2,640,640
1_xMzwx1zuB5KlpNM53l2nfw_jpg.rf.1a7fa34bbae3047d90ce27764235959b.jpg,640,640,Aadhar cards,0,21,617,637
110_504886170_jpg.rf.1aba7f27f0bd6e13891b1fa191ee01ab.jpg,640,640,Aadhar cards,46,1,638,577
0c0584201ff552c4bdcbe160315aa432_jpg.rf.16e9e765195d16e4092536e9ff7c716a.jpg,640,640,Aadhar cards,28,0,640,635
60643f2e835245dfa9b0c9c988abb748_jpg.rf.1c24f6303c23bb407538298c8dced8f2.jpg,640,640,Aadhar cards,9,3,624,638
086d820550f34066764f4047ddc263ca_jpg.rf.12544838e52b9ca3db1f483e47f58ded.jpg,640,640,Aadhar cards,0,13,571,621

3564191365d6dd7bff705c3252860029_jpg.rf.1c3ad97fb12b726cf6071824a6157cae.jpg,640,640,Aadhar cards,46,1,640,604
19b620ad00aeb2885f0f0a1ccb337919_jpg.rf.1c2e6ec0d5ebb0b791220b0d30cde0f5.jpg,640,640,Aadhar cards,4,8,640,640
2bfd2f150b31581bac34445b5c49dd26_jpg.rf.15d0bab835996032f150bd914e816aeb.jpg,640,640,Aadhar cards,2,1,621,640
1c89969c27b6f7ea57d47a74f579b5cc-1-_jpg.rf.1c24f7929cad47bbcdebe697afc458dd.jpg,640,640,Aadhar cards,0,2,632,639
102_509409293_jpg.rf.1c615d10d566b4a4f330906ade5df6d9.jpg,640,640,Aadhar cards,9,0,640,621
15702284b04c27864e819ad89483b80d_jpg.rf.1a9b6a4fbf87675d7eb56bfd24f524ab.jpg,640,640,Aadhar cards,0,1,631,633
1_xMzwx1zuB5KlpNM53l2nfw_jpg.rf.1c1ede39dd17fbbc08db74003a138a90.jpg,640,640,Aadhar cards,0,5,639,627
14171f7e3e906f9bb9cbee0e44b183ab-1-_jpg.rf.1d4bd16cf3c303baa9f18df9b1f48560.jpg,640,640,Aadhar cards,9,0,640,640
3564191365d6dd7bff705c3252860029_jpg.rf.1f183220c4b50932a6abf63bf0a92241.jpg,640,640,Aadhar cards,28,8,628,640
2017_7image_01_34_3344908890_jpg.rf.1c56da4bbfaf502b0026c6ab5ec4af88.jpg,640,640,Aadhar cards,1,0,622,628
0e0a5204f238d9c743ae456a8dc6529a_jpg.rf.1bed17d000dd262033e29530416d58a6.jpg,640,640,Aadhar cards,1,6,639,639
17e77ff746a7f6995dcbe80f0b107701_jpg.rf.1ca4e19d98e197d6a26782bee9e81fd8.jpg,640,640,Aadhar cards,2,9,637,635
14171f7e3e906f9bb9cbee0e44b183ab-1-_jpg.rf.1cd0cf752de3b7f29634a5ab42439ca8.jpg,640,640,Aadhar cards,16,1,638,640
23752a535ecca255d677464b5a7a24f4_jpg.rf.209d77cfdb10a7778d72c7dcbe1313a8.jpg,640,640,Aadhar cards,0,3,617,639

2017_7image_01_34_3344908890_jpg.rf.19056029d7895d3be6f911af29e874e6.jpg,640,640,Aadhar cards,1,18,627,640
23752a535ecca255d677464b5a7a24f4_jpg.rf.1c6bf540ae7d7a717ed6d825b744af47.jpg,640,640,Aadhar cards,14,12,640,638
0d4c873ace54e82fb49c451a9bdc6d24_jpg.rf.20290c5b3459ff215b5a337f09429b06.jpg,640,640,Aadhar cards,46,0,639,635
3564191365d6dd7bff705c3252860029_jpg.rf.20b22d2ddde7d7bdd0171617d479e9c3.jpg,640,640,Aadhar cards,10,36,622,638
0e0a5204f238d9c743ae456a8dc6529a_jpg.rf.209ed1b9a90b156308a9a897f1f26a03.jpg,640,640,Aadhar cards,7,0,638,618
14171f7e3e906f9bb9cbee0e44b183ab_jpg.rf.1d9c8a75174e600742f90bf2a5168ca9.jpg,640,640,Aadhar cards,0,0,639,627
086d820550f34066764f4047ddc263ca_jpg.rf.213f6e12ed45c429bb65dfc036523ebf.jpg,640,640,Aadhar cards,9,82,637,620
2bfd2f150b31581bac34445b5c49dd26_jpg.rf.235b1a6f5a777343fff6118fd539e4fa.jpg,640,640,Aadhar cards,7,3,639,635
71697128_jpg.rf.20028ac275832378fe50b4141631c9a1.jpg,640,640,Aadhar cards,1,13,626,640
06a0686f91bed47d1f4873e4d104442c_jpg.rf.1febb84ec34cc01e728f4dcea5fcaf53.jpg,640,640,Aadhar cards,7,1,638,638
60643f2e835245dfa9b0c9c988abb748_jpg.rf.205b0ff99b7d185beb6044b95f51c304.jpg,640,640,Aadhar cards,0,0,629,635
2017_7image_01_34_3344908890_jpg.rf.0d2c11e4d79f2c109a543c2d9d8efef0.jpg,640,640,Aadhar cards,23,5,640,640
2017_7image_01_34_3344908890_jpg.rf.22718812f7aa9ade57f825d9791b8a1d.jpg,640,640,Aadhar cards,1,1,629,633
2bfd2f150b31581bac34445b5c49dd26_jpg.rf.22307e4fc41881c8dde5851a230bdce5.jpg,640,640,Aadhar cards,1,9,618,638
15702284b04c27864e819ad89483b80d_jpg.rf.21ad595a6a4404fcf9ae09d6b50c1d0f.jpg,640,640,Aadhar cards,0,22,612,639
110_504886170_jpg.rf.24f3ee5dcb3a82b8fcf96cf2bd3fe6e5.jpg,640,640,Aadhar cards,2,5,625,608
1_xMzwx1zuB5KlpNM53l2nfw_jpg.rf.273a3c9a56ef98bafca085a83894865c.jpg,640,640,Aadhar cards,3,0,638,629
102_509409293_jpg.rf.280a54c12de63a2af01b943a95f2e04a.jpg,640,640,Aadhar cards,19,7,626,640
15702284b04c27864e819ad89483b80d_jpg.rf.22b6a740e742935f6b51f28ecf4a83a6.jpg,640,640,Aadhar cards,17,1,640,635
5a9f2c8658426f9b1b17bfa65ef0d62c_jpg.rf.21e50b13f427db137d28bc371e02e2f1.jpg,640,640,Aadhar cards,0,0,621,620
15702284b04c27864e819ad89483b80d_jpg.rf.25ea198094f520d4ca24d02e64a078d7.jpg,640,640,Aadhar cards,0,1,640,631

60643f2e835245dfa9b0c9c988abb748_jpg.rf.2562375362947d1e6dadbf5ca290b898.jpg,640,640,Aadhar cards,3,9,637,623
06a0686f91bed47d1f4873e4d104442c_jpg.rf.2682906c8c858407514a997158c21d43.jpg,640,640,Aadhar cards,0,3,638,628
15702284b04c27864e819ad89483b80d_jpg.rf.272bfa8fbd5f94e2385b92c4b98c29cf.jpg,640,640,Aadhar cards,1,1,638,622
1_xMzwx1zuB5KlpNM53l2nfw_jpg.rf.27ab23057a7e6e08d13989fc46b2452a.jpg,640,640,Aadhar cards,12,1,638,639
1b26b406ad9485c98cd496bc371db57f_jpg.rf.2c6eb954a10a871879fa3e041a3f4a24.jpg,640,640,Aadhar cards,0,0,640,627
0e0a5204f238d9c743ae456a8dc6529a_jpg.rf.29bfe1a7e47dd3b2efbdf4e9cfde879d.jpg,640,640,Aadhar cards,0,0,638,615

23752a535ecca255d677464b5a7a24f4_jpg.rf.2434826742c2a7cefafe225f50b53cda.jpg,640,640,Aadhar cards,3,23,640,640
23752a535ecca255d677464b5a7a24f4_jpg.rf.294a16e8b7252b034074e03201fa4e3b.jpg,640,640,Aadhar cards,18,11,640,640
35c4f8abcda3c0e3fe13b2435deaaff4_jpg.rf.2fa9a5e1ac0ab1a820892b39d4c440d7.jpg,640,640,Aadhar cards,1,27,636,634
06a0686f91bed47d1f4873e4d104442c_jpg.rf.2d0dcc2ce79fc24f5912d355976c0bbb.jpg,640,640,Aadhar cards,1,0,632,640
15702284b04c27864e819ad89483b80d_jpg.rf.2ef747d6699b95e9a6bd39c77cc73cfa.jpg,640,640,Aadhar cards,0,0,634,639
2b923b9c9b526e45022e18d0493946ba-1-_jpg.rf.2ed6022d676fab65abce4eb799f11c05.jpg,640,640,Aadhar cards,4,2,638,638
2bfd2f150b31581bac34445b5c49dd26_jpg.rf.243ec0182b8f1eb2cbc59d137a3f8982.jpg,640,640,Aadhar cards,5,2,638,631
1_xMzwx1zuB5KlpNM53l2nfw_jpg.rf.285b7ff87a648b0a6ab963e3504a5588.jpg,640,640,Aadhar cards,0,0,640,627
17e77ff746a7f6995dcbe80f0b107701_jpg.rf.2cf0929563c898bae03528eb8d9fbe21.jpg,640,640,Aadhar cards,2,4,631,640
2bfd2f150b31581bac34445b5c49dd26_jpg.rf.310f679b5e2baabcf7e0a2fa508eb05e.jpg,640,640,Aadhar cards,14,6,640,639
23752a535ecca255d677464b5a7a24f4_jpg.rf.2cab9c888e70a899275706f1466a0257.jpg,640,640,Aadhar cards,2,8,638,638
2bfd2f150b31581bac34445b5c49dd26_jpg.rf.29cfe6884610c281755e7f2b54c2ca35.jpg,640,640,Aadhar cards,2,0,636,635
1_xMzwx1zuB5KlpNM53l2nfw_jpg.rf.321384cc94028e912ae32eac368eaea9.jpg,640,640,Aadhar cards,14,0,640,640
102_509409293_jpg.rf.2ab195a425d0132bcc512d6a5fc524fb.jpg,640,640,Aadhar cards,0,0,619,628
0521_adhar_jpg.rf.3201d7dabdab7612868fd71c80bd0fb9.jpg,640,640,Aadhar cards,6,3,352,639
0521_adhar_jpg.rf.3201d7dabdab7612868fd71c80bd0fb9.jpg,640,640,Aadhar cards,273,19,640,640
110_504886170_jpg.rf.32f06ef2f944b505a7997d04e60480db.jpg,640,640,Aadhar cards,18,27,584,628
1b26b406ad9485c98cd496bc371db57f_jpg.rf.330e0d87d849d7a4e37cd1abe61bb6f6.jpg,640,640,Aadhar cards,3,0,640,636
086d820550f34066764f4047ddc263ca_jpg.rf.2f4edb50918ccb7da4878e9c81986e32.jpg,640,640,Aadhar cards,0,22,574,592
102_509409293_jpg.rf.34e4b8ab9fe065268989fae9a7f0fd98.jpg,640,640,Aadhar cards,0,0,622,624
60643f2e835245dfa9b0c9c988abb748_jpg.rf.287477499098d4d93dd864f307dc016d.jpg,640,640,Aadhar cards,10,0,639,640
3564191365d6dd7bff705c3252860029_jpg.rf.3134122c50c65a02bf98aa72ddf1dce7.jpg,640,640,Aadhar cards,7,0,618,608
19b620ad00aeb2885f0f0a1ccb337919_jpg.rf.1eb8bc6a3b4e801fe7f2a2dfd7f9b45c.jpg,640,640,Aadhar cards,0,11,636,640
1c89969c27b6f7ea57d47a74f579b5cc-1-_jpg.rf.31eb2578f73353514c5a2af6ffcea72d.jpg,640,640,Aadhar cards,2,0,636,640
23752a535ecca255d677464b5a7a24f4_jpg.rf.2cdb3cf57137751efd5cac79e732f8aa.jpg,640,640,Aadhar cards,1,2,634,638
2b923b9c9b526e45022e18d0493946ba-1-_jpg.rf.35d88cd7bfa0f8c20473f39a9573bacd.jpg,640,640,Aadhar cards,2,11,639,638
71697128_jpg.rf.342d2e2be89c85e37da91af685d83bd7.jpg,640,640,Aadhar cards,7,2,639,634
2017_7image_01_34_3344908890_jpg.rf.33214e45589332b1be84bda7350aab2b.jpg,640,640,Aadhar cards,0,0,640,640
60643f2e835245dfa9b0c9c988abb748_jpg.rf.347051a87f3f0d6a91d43e7489c7e872.jpg,640,640,Aadhar cards,6,3,639,639
2017_7image_01_34_3344908890_jpg.rf.3770b1ae73e837044c7beee02fca7ca0.jpg,640,640,Aadhar cards,0,5,636,640
086d820550f34066764f4047ddc263ca_jpg.rf.3403edaccd4d6ca8ed251bd024c66fe6.jpg,640,640,Aadhar cards,0,13,571,621
14171f7e3e906f9bb9cbee0e44b183ab-1-_jpg.rf.363df763e390789b273254ea71e344a7.jpg,640,640,Aadhar cards,0,8,640,639
086d820550f34066764f4047ddc263ca_jpg.rf.35848e5fa5f4a7a27490a3449702983f.jpg,640,640,Aadhar cards,22,66,592,640
17e77ff746a7f6995dcbe80f0b107701_jpg.rf.37abe917b00762614333149063ae497c.jpg,640,640,Aadhar cards,19,0,638,639
6faf8790a38b5e6a7d9e3347ba84a24f_jpg.rf.37f1c7138362ccba1cb879a66d5e1a8c.jpg,640,640,Aadhar cards,7,0,640,608
15702284b04c27864e819ad89483b80d_jpg.rf.39261913b4eca1818dac4ff4d80b1fe9.jpg,640,640,Aadhar cards,6,28,639,640
2bfd2f150b31581bac34445b5c49dd26_jpg.rf.327f78367d49bc9bf18f3f4a259dd5d5.jpg,640,640,Aadhar cards,14,2,640,636
15702284b04c27864e819ad89483b80d_jpg.rf.395fa9a5de80d0e554cdf8b140b4e76d.jpg,640,640,Aadhar cards,1,1,639,607
1_xMzwx1zuB5KlpNM53l2nfw_jpg.rf.359c085f6d2fe8e34794f669ac33d956.jpg,640,640,Aadhar cards,0,1,629,637
23752a535ecca255d677464b5a7a24f4_jpg.rf.3aaa3e4eb3382cc7ae0f35ec995af298.jpg,640,640,Aadhar cards,4,0,638,639
15702284b04c27864e819ad89483b80d_jpg.rf.391b8204bf1ec3c15f311617ceee4f28.jpg,640,640,Aadhar cards,1,0,618,611
60643f2e835245dfa9b0c9c988abb748_jpg.rf.378bc14d14658214cce9c94248cbd9e3.jpg,640,640,Aadhar cards,14,11,638,640
14171f7e3e906f9bb9cbee0e44b183ab-1-_jpg.rf.318a70fe7301fdf9983c6c429df3bc2e.jpg,640,640,Aadhar cards,8,0,639,640
23752a535ecca255d677464b5a7a24f4_jpg.rf.3158e31ff0c9bc5c769c12670ec3d5b4.jpg,640,640,Aadhar cards,2,8,640,638
2b923b9c9b526e45022e18d0493946ba-1-_jpg.rf.3e1ec26421d955e96e5da122c19a0160.jpg,640,640,Aadhar cards,7,1,636,632
0e0a5204f238d9c743ae456a8dc6529a_jpg.rf.3e0707a4a14fd96e8e9e0c031760ff67.jpg,640,640,Aadhar cards,5,0,639,638
110_504886170_jpg.rf.3c49f52ea6c8bb4bf0fbc5e564c38708.jpg,640,640,Aadhar cards,0,8,605,612
19b620ad00aeb2885f0f0a1ccb337919_jpg.rf.3bb7b366a2fd7f04cf9576d80efc688c.jpg,640,640,Aadhar cards,1,27,636,640
102_509409293_jpg.rf.3e46d4a5fd8ea14e6c9141dd88f48506.jpg,640,640,Aadhar cards,7,14,639,621
3564191365d6dd7bff705c3252860029_jpg.rf.3a42542e5e2f200534c95064af07a422.jpg,640,640,Aadhar cards,7,58,634,639
14171f7e3e906f9bb9cbee0e44b183ab-1-_jpg.rf.333d5f35f8ffd66061ca347a87e1b185.jpg,640,640,Aadhar cards,2,0,638,635

116508899_159713039053118_8698401500526480570_n_jpg.rf.386ec84926e43709c63b1a555727344c.jpg,640,640,Aadhar cards,35,0,635,633
2017_7image_01_34_3344908890_jpg.rf.409ca98581a4a88a8b311548b965049a.jpg,640,640,Aadhar cards,3,1,640,636
19b620ad00aeb2885f0f0a1ccb337919_jpg.rf.37c07005032dc9962d118abf8bfb12c5.jpg,640,640,Aadhar cards,0,6,635,639
15702284b04c27864e819ad89483b80d_jpg.rf.3da5087eb84635e5287e2c8f6d18c169.jpg,640,640,Aadhar cards,0,0,633,639
14171f7e3e906f9bb9cbee0e44b183ab-1-_jpg.rf.404532db5427f7af34be21e956988aec.jpg,640,640,Aadhar cards,1,0,637,631
71697128_jpg.rf.3c93b49d31a538b46e6588351d44dac1.jpg,640,640,Aadhar cards,1,0,640,640
2bfd2f150b31581bac34445b5c49dd26_jpg.rf.3b34e1a44ab8c297ab9b4781f4d6d1da.jpg,640,640,Aadhar cards,17,3,640,640
23752a535ecca255d677464b5a7a24f4_jpg.rf.42e8aa6cb5e13ae0c5181d52f96c84ce.jpg,640,640,Aadhar cards,6,13,639,640
086d820550f34066764f4047ddc263ca_jpg.rf.3e4ee9a58b9dce8c7c5d150333d3dd47.jpg,640,640,Aadhar cards,0,51,581,638
15702284b04c27864e819ad89483b80d_jpg.rf.42c9c94bfdd5ae639ff769297fffdae8.jpg,640,640,Aadhar cards,12,14,640,632
06a0686f91bed47d1f4873e4d104442c_jpg.rf.34a8e5f28a5ad507cf9dd696c12657ea.jpg,640,640,Aadhar cards,8,1,640,631
2bfd2f150b31581bac34445b5c49dd26_jpg.rf.43440733e6b29558260a4ad60437013f.jpg,640,640,Aadhar cards,9,22,638,639
086d820550f34066764f4047ddc263ca_jpg.rf.41acd797164ffc2c490919da60606d7b.jpg,640,640,Aadhar cards,10,81,638,624
3564191365d6dd7bff705c3252860029_jpg.rf.404953ac8a0c9c3c52481d9f202f0448.jpg,640,640,Aadhar cards,0,1,591,633
1b26b406ad9485c98cd496bc371db57f_jpg.rf.43876aca361ef34171f7c0efaf19d1e8.jpg,640,640,Aadhar cards,5,0,637,639
0521_adhar_jpg.rf.445fe234a22ce7ad15352f9bd36764c7.jpg,640,640,Aadhar cards,15,0,345,620
0521_adhar_jpg.rf.445fe234a22ce7ad15352f9bd36764c7.jpg,640,640,Aadhar cards,331,0,640,594
2017_7image_01_34_3344908890_jpg.rf.3a69bfa86f00d65da107b26ff67831c1.jpg,640,640,Aadhar cards,0,21,630,640
14171f7e3e906f9bb9cbee0e44b183ab_jpg.rf.402f5e01ad64c55f550ee2d0dd7440a7.jpg,640,640,Aadhar cards,5,0,634,609
15702284b04c27864e819ad89483b80d_jpg.rf.45568f935ad17d2e448c67614423a4e7.jpg,640,640,Aadhar cards,0,1,632,635
2b923b9c9b526e45022e18d0493946ba-1-_jpg.rf.4163a081067f2dcf77e5798d0dcd5eb9.jpg,640,640,Aadhar cards,0,0,639,638
14171f7e3e906f9bb9cbee0e44b183ab-1-_jpg.rf.3f9cbc711f68105f513590034153723d.jpg,640,640,Aadhar cards,0,3,634,640
14171f7e3e906f9bb9cbee0e44b183ab-1-_jpg.rf.3e89696ea85b65a8b457f164b761b7a9.jpg,640,640,Aadhar cards,20,2,640,634
1c89969c27b6f7ea57d47a74f579b5cc-1-_jpg.rf.44a66613f261cedbe4865de1fd5c4fd9.jpg,640,640,Aadhar cards,0,2,633,640
71697128_jpg.rf.48b785b1b42dbfa64f1a6b511e3440b9.jpg,640,640,Aadhar cards,1,13,625,639
086d820550f34066764f4047ddc263ca_jpg.rf.49e217fd9a60adbb22971045a39957e4.jpg,640,640,Aadhar cards,4,3,585,615
06a0686f91bed47d1f4873e4d104442c_jpg.rf.49c2a22c746b4d01515694c9068987c7.jpg,640,640,Aadhar cards,0,13,640,640
23752a535ecca255d677464b5a7a24f4_jpg.rf.498cd62c29f5fbec0b21f18f67fb4ba9.jpg,640,640,Aadhar cards,1,0,625,635
60643f2e835245dfa9b0c9c988abb748_jpg.rf.463aedbe4f57783f988a23ef2952ac5f.jpg,640,640,Aadhar cards,1,14,629,638
2bfd2f150b31581bac34445b5c49dd26_jpg.rf.4a3df9ed7ce4010f4010e33dda0a4623.jpg,640,640,Aadhar cards,6,7,638,640
116508899_159713039053118_8698401500526480570_n_jpg.rf.4ab47cd99d78cdb772599679ffbc4831.jpg,640,640,Aadhar cards,18,8,633,638
23752a535ecca255d677464b5a7a24f4_jpg.rf.465a6191669cdf3e00118da5faa588ce.jpg,640,640,Aadhar cards,0,16,631,640
1c89969c27b6f7ea57d47a74f579b5cc-2-_jpg.rf.4878e0f76f9186c508c684f50d61ef51.jpg,640,640,Aadhar cards,0,0,636,640
71697128_jpg.rf.4b22a310507b256859050e57fe84efbb.jpg,640,640,Aadhar cards,6,7,640,639
2bfd2f150b31581bac34445b5c49dd26_jpg.rf.45250862a3d24e9c02f4810144d2ae38.jpg,640,640,Aadhar cards,13,6,640,640
110_504886170_jpg.rf.43be92a89071681e782cf5cc738a544c.jpg,640,640,Aadhar cards,0,15,589,596
086d820550f34066764f4047ddc263ca_jpg.rf.49759ea4275f2446dcc706ff40af3e0d.jpg,640,640,Aadhar cards,70,17,624,633
17e77ff746a7f6995dcbe80f0b107701_jpg.rf.46d8e48d01afa07a2dd8a3c665c01163.jpg,640,640,Aadhar cards,4,0,631,640
0521_adhar_jpg.rf.4d212715b042c4b78c7e7171eb3d535b.jpg,640,640,Aadhar cards,3,288,639,634
0521_adhar_jpg.rf.4d212715b042c4b78c7e7171eb3d535b.jpg,640,640,Aadhar cards,19,0,640,367
2b923b9c9b526e45022e18d0493946ba-1-_jpg.rf.423b5d5d1391f573ec4060d7b8e31418.jpg,640,640,Aadhar cards,4,5,636,639
2bfd2f150b31581bac34445b5c49dd26_jpg.rf.4b0349f6419540d4baa0f13034c196f1.jpg,640,640,Aadhar cards,0,6,618,638
086d820550f34066764f4047ddc263ca_jpg.rf.4afdd79b016981198cd9f3611d13bd35.jpg,640,640,Aadhar cards,0,22,574,592
71697128_jpg.rf.4c042702c1cd5c6829a4e111c38db965.jpg,640,640,Aadhar cards,0,2,640,628
14171f7e3e906f9bb9cbee0e44b183ab-1-_jpg.rf.4dbaba82fa9844dec70feacb69c0e902.jpg,640,640,Aadhar cards,2,0,639,635
17e77ff746a7f6995dcbe80f0b107701_jpg.rf.51743e5afe464f5a741645ca2d515840.jpg,640,640,Aadhar cards,19,4,640,640
71697128_jpg.rf.50810f588381bcae207b9ea9546caf60.jpg,640,640,Aadhar cards,1,4,626,639
19b620ad00aeb2885f0f0a1ccb337919_jpg.rf.514349d99eb3a78c514bae0c85ece168.jpg,640,640,Aadhar cards,5,5,639,639
102_509409293_jpg.rf.49726d4af61661769877175f8518242f.jpg,640,640,Aadhar cards,2,4,638,621
19b620ad00aeb2885f0f0a1ccb337919_jpg.rf.4e5cd8048db0e31e518bf8c134f2005f.jpg,640,640,Aadhar cards,3,0,640,640
06a0686f91bed47d1f4873e4d104442c_jpg.rf.4e72125c656e34b98fbbd94ef34fca2b.jpg,640,640,Aadhar cards,0,0,640,626
110_504886170_jpg.rf.52ffe3a383883cda3c067e58d61e7f82.jpg,640,640,Aadhar cards,33,2,635,624
2017_7image_01_34_3344908890_jpg.rf.52e1c326dd931f9e500f0cea91eb4688.jpg,640,640,Aadhar cards,0,9,635,638
06a0686f91bed47d1f4873e4d104442c_jpg.rf.4bf630b01c7451fcd20de2e5382552a6.jpg,640,640,Aadhar cards,15,0,640,623
0c0584201ff552c4bdcbe160315aa432_jpg.rf.505d426d476eb9ab9e864f44205bbc3d.jpg,640,640,Aadhar cards,0,34,598,639
14171f7e3e906f9bb9cbee0e44b183ab-1-_jpg.rf.50a31461b6e795bcfd7ceb27d3ce0f62.jpg,640,640,Aadhar cards,5,8,640,640
2017_7image_01_34_3344908890_jpg.rf.4d5fb32f905ccefab39f270464cc2119.jpg,640,640,Aadhar cards,1,11,634,640
35c4f8abcda3c0e3fe13b2435deaaff4_jpg.rf.4a950188bf47da25a58bffd872f9e0e6.jpg,640,640,Aadhar cards,6,1,613,635

110_504886170_jpg.rf.52dddcc7970a0bbdcc3c2a4e3ffdc1c9.jpg,640,640,Aadhar cards,5,2,601,594
1b26b406ad9485c98cd496bc371db57f_jpg.rf.531d7cfa7617326609d2b7f93dfb9f3d.jpg,640,640,Aadhar cards,0,4,640,639
15702284b04c27864e819ad89483b80d_jpg.rf.46debbf27e9388eae09fa217ceaf165b.jpg,640,640,Aadhar cards,1,9,633,640
116508899_159713039053118_8698401500526480570_n_jpg.rf.4f6907e043b87b74d96de046423a8eb1.jpg,640,640,Aadhar cards,18,8,633,638
19b620ad00aeb2885f0f0a1ccb337919_jpg.rf.51f4903aabba9f8d0f64fba7fd489372.jpg,640,640,Aadhar cards,1,27,636,640
14171f7e3e906f9bb9cbee0e44b183ab-1-_jpg.rf.533379468c474a8f09d1f80ab5cafccb.jpg,640,640,Aadhar cards,0,1,636,640
14171f7e3e906f9bb9cbee0e44b183ab_jpg.rf.b61354ad4681b98e9fc176625586bf04.jpg,640,640,Aadhar cards,5,4,623,638
0e0a5204f238d9c743ae456a8dc6529a_jpg.rf.b6157d269652327132fdbb65d32e1366.jpg,640,640,Aadhar cards,24,0,640,628

0e0a5204f238d9c743ae456a8dc6529a_jpg.rf.ba4627b967ddcb2f14d5f90ebdc3f061.jpg,640,640,Aadhar cards,0,0,635,618
15702284b04c27864e819ad89483b80d_jpg.rf.b6145fb9f6f370e1eefcfb554ded6002.jpg,640,640,Aadhar cards,1,18,634,640
71697128_jpg.rf.b67737922a79ab1b9dcdb2e1693db72a.jpg,640,640,Aadhar cards,13,0,639,640
116508899_159713039053118_8698401500526480570_n_jpg.rf.b84db6ce5b1bfef3fa42ae97e4054280.jpg,640,640,Aadhar cards,0,5,634,606
086d820550f34066764f4047ddc263ca_jpg.rf.b889a4ec022fbc1c0d7c1fe7cbb598e8.jpg,640,640,Aadhar cards,7,70,625,624
17e77ff746a7f6995dcbe80f0b107701_jpg.rf.bc0bf6807a9e4c976447d0ee78fab807.jpg,640,640,Aadhar cards,0,4,640,630
1_xMzwx1zuB5KlpNM53l2nfw_jpg.rf.b9ed40262688923dcf497b46cf4ac0c3.jpg,640,640,Aadhar cards,4,0,619,617
2017_7image_01_34_3344908890_jpg.rf.bd005df337b5a6125b084bef64173b75.jpg,640,640,Aadhar cards,5,1,638,617
23752a535ecca255d677464b5a7a24f4_jpg.rf.bd01473f512e5a97a2e7b22e862bf5d9.jpg,640,640,Aadhar cards,0,6,627,639
19b620ad00aeb2885f0f0a1ccb337919_jpg.rf.b75915a2f833e742658cd8585ede8d43.jpg,640,640,Aadhar cards,1,0,634,634
086d820550f34066764f4047ddc263ca_jpg.rf.be3485917d25e457dd8c3d8dd86a24ab.jpg,640,640,Aadhar cards,10,81,638,622
2bfd2f150b31581bac34445b5c49dd26_jpg.rf.be4b44eb3db10978d8fce637626b191d.jpg,640,640,Aadhar cards,0,0,640,640
17e77ff746a7f6995dcbe80f0b107701_jpg.rf.bd0347955e25b9e0cfcb8ee064404a4c.jpg,640,640,Aadhar cards,24,9,640,639
102_509409293_jpg.rf.bf41916e692ddd4a0a545b5d7bf84f7e.jpg,640,640,Aadhar cards,0,8,629,640
0e0a5204f238d9c743ae456a8dc6529a_jpg.rf.bddf6517e076c1a1cb034f4a4ae223a6.jpg,640,640,Aadhar cards,2,1,639,638
110_504886170_jpg.rf.bd963984e7aadb32757ca92941762609.jpg,640,640,Aadhar cards,0,15,589,596
15702284b04c27864e819ad89483b80d_jpg.rf.b7072819df45e733e5b073be075160d0.jpg,640,640,Aadhar cards,0,6,613,639
0c0584201ff552c4bdcbe160315aa432_jpg.rf.be51b514034e8e701a83d2468e2dee29.jpg,640,640,Aadhar cards,10,36,637,623
23752a535ecca255d677464b5a7a24f4_jpg.rf.bf9aa6e135b6b363baa67660be829c3c.jpg,640,640,Aadhar cards,1,2,635,640
14171f7e3e906f9bb9cbee0e44b183ab-1-_jpg.rf.b89ca4ec2ae8184d68a9a698dd85ad35.jpg,640,640,Aadhar cards,0,15,639,639
102_509409293_jpg.rf.be6bdbd2cd0e711a288c069260db4b0d.jpg,640,640,Aadhar cards,1,0,636,620
116508899_159713039053118_8698401500526480570_n_jpg.rf.c1154844530645081629e32f401644a0.jpg,640,640,Aadhar cards,36,15,637,635
0e0a5204f238d9c743ae456a8dc6529a_jpg.rf.c2349b591e6b8dff79667407dbfaa406.jpg,640,640,Aadhar cards,0,3,636,616
102_509409293_jpg.rf.c09887f5ab6b5ed0fce8791dad3f79d9.jpg,640,640,Aadhar cards,31,2,638,628
60643f2e835245dfa9b0c9c988abb748_jpg.rf.bf715710f9b561b9fdae4995f094237c.jpg,640,640,Aadhar cards,0,10,640,639
0c0584201ff552c4bdcbe160315aa432_jpg.rf.bf56f0d1f18ab64e23db2ab8af4f416d.jpg,640,640,Aadhar cards,0,34,598,639
110_504886170_jpg.rf.c18248ce0fdc0459242e2208677da05c.jpg,640,640,Aadhar cards,2,41,594,635
60643f2e835245dfa9b0c9c988abb748_jpg.rf.b8646d0997f5e6b16b86b78d33dd5b6a.jpg,640,640,Aadhar cards,1,14,629,638
102_509409293_jpg.rf.c1f562c57053af088be7a0b970ac0908.jpg,640,640,Aadhar cards,10,0,625,632
3564191365d6dd7bff705c3252860029_jpg.rf.c05a5fb93988f5dbc82cbb000ad1e0c0.jpg,640,640,Aadhar cards,0,28,633,629
3564191365d6dd7bff705c3252860029_jpg.rf.c191df429b8841a9d0cf74ce7a661add.jpg,640,640,Aadhar cards,0,6,598,621
110_504886170_jpg.rf.c5889b6cccb1b92785feabcb9758dbed.jpg,640,640,Aadhar cards,19,32,619,593

0c0584201ff552c4bdcbe160315aa432_jpg.rf.c2a5ce057a74b5571635333ddc6b510b.jpg,640,640,Aadhar cards,23,0,630,639
1_xMzwx1zuB5KlpNM53l2nfw_jpg.rf.c5ea5bae45e7b23648615ab770c7178a.jpg,640,640,Aadhar cards,12,1,638,639
0521_adhar_jpg.rf.c4677bec18ecb1b5ab7e354fdaebdbe9.jpg,640,640,Aadhar cards,15,0,344,620
0521_adhar_jpg.rf.c4677bec18ecb1b5ab7e354fdaebdbe9.jpg,640,640,Aadhar cards,331,0,640,594
0e0a5204f238d9c743ae456a8dc6529a_jpg.rf.c14de91caf8cea95818c1d6893223fc7.jpg,640,640,Aadhar cards,7,4,640,638
086d820550f34066764f4047ddc263ca_jpg.rf.c3acb329140ad223be1c08659279350a.jpg,640,640,Aadhar cards,65,2,618,633
06a0686f91bed47d1f4873e4d104442c_jpg.rf.c32fa7671b3d8279fc8a384f243d7bc1.jpg,640,640,Aadhar cards,13,0,640,640
0e0a5204f238d9c743ae456a8dc6529a_jpg.rf.c2c0dcdcfdeb8d5396eb7cc78402d0b1.jpg,640,640,Aadhar cards,2,2,638,638
1b26b406ad9485c98cd496bc371db57f_jpg.rf.c34b05b7f6261901f264241e053fb48d.jpg,640,640,Aadhar cards,4,0,640,640
14171f7e3e906f9bb9cbee0e44b183ab-1-_jpg.rf.c7c4b502302d8a266cbc916ce79847e1.jpg,640,640,Aadhar cards,5,2,640,639
14171f7e3e906f9bb9cbee0e44b183ab-1-_jpg.rf.c356f5c469bd212fdeff043178f95778.jpg,640,640,Aadhar cards,0,12,639,638
6faf8790a38b5e6a7d9e3347ba84a24f_jpg.rf.c8be12281506545c3521468969c578d2.jpg,640,640,Aadhar cards,17,16,640,628
0d4c873ace54e82fb49c451a9bdc6d24_jpg.rf.c7287b3399a017b696006e926cf3c29d.jpg,640,640,Aadhar cards,51,0,639,639
17e77ff746a7f6995dcbe80f0b107701_jpg.rf.c81be1a04f77264bc162605aecde7c41.jpg,640,640,Aadhar cards,19,0,638,639
2017_7image_01_34_3344908890_jpg.rf.c12a79da058019fd9502cff2e2360f3e.jpg,640,640,Aadhar cards,0,1,640,638
14171f7e3e906f9bb9cbee0e44b183ab-1-_jpg.rf.c4d31929a3dd7f91a61a46e90a4263cf.jpg,640,640,Aadhar cards,2,0,640,636
2b923b9c9b526e45022e18d0493946ba-1-_jpg.rf.cc0cf10e720c45ccb79b1b96647fc916.jpg,640,640,Aadhar cards,0,2,628,638
1c89969c27b6f7ea57d47a74f579b5cc-1-_jpg.rf.c8bd5d5ddeaf737a2868446a652c65dd.jpg,640,640,Aadhar cards,0,4,640,638
0e0a5204f238d9c743ae456a8dc6529a_jpg.rf.c66d825c8984b08825a63cc6f3fdfa2f.jpg,640,640,Aadhar cards,2,2,640,640
1_xMzwx1zuB5KlpNM53l2nfw_jpg.rf.cd81abfc46494e45b9af9cff3bd9d81f.jpg,640,640,Aadhar cards,3,0,640,630
06a0686f91bed47d1f4873e4d104442c_jpg.rf.c99127b4a1f6128c90a78fcd4de58bd1.jpg,640,640,Aadhar cards,12,0,638,632
3564191365d6dd7bff705c3252860029_jpg.rf.c85aefbff8d990e0bcfbc153d449fbac.jpg,640,640,Aadhar cards,6,41,620,639
3564191365d6dd7bff705c3252860029_jpg.rf.c8bf492374c7443156a964197eabcca8.jpg,640,640,Aadhar cards,3,2,586,633
2017_7image_01_34_3344908890_jpg.rf.cb966aeafd1db0f967868c0487f0c55b.jpg,640,640,Aadhar cards,0,21,631,640
102_509409293_jpg.rf.ca59c435cff2384a93dd8fb26581e8c5.jpg,640,640,Aadhar cards,1,0,634,615
23752a535ecca255d677464b5a7a24f4_jpg.rf.c83ffd4bb6365cf315f4774512714f34.jpg,640,640,Aadhar cards,0,3,617,638
14171f7e3e906f9bb9cbee0e44b183ab-1-_jpg.rf.cc8fa35331d89db34749f8a2eec6a7b7.jpg,640,640,Aadhar cards,0,11,639,637
2bfd2f150b31581bac34445b5c49dd26_jpg.rf.ce5fd9e1ca7bbbc6bd36ca0e71bed15b.jpg,640,640,Aadhar cards,5,6,638,638
102_509409293_jpg.rf.c5b9f0f6a50775b81cdd88d2fd54c5cc.jpg,640,640,Aadhar cards,0,19,631,640
71697128_jpg.rf.cc9d844aeb3e721ee4985082e37198dc.jpg,640,640,Aadhar cards,10,0,640,640

1b26b406ad9485c98cd496bc371db57f_jpg.rf.cdc11bcb5e537fe639eaf6637aabbbf6.jpg,640,640,Aadhar cards,0,2,640,636
086d820550f34066764f4047ddc263ca_jpg.rf.cf13516d2bc46425977aa3c0544620f9.jpg,640,640,Aadhar cards,9,83,638,622
0521_adhar_jpg.rf.d03f80377473eca98eb4cbc8f59dcc78.jpg,640,640,Aadhar cards,1,5,639,634
1c89969c27b6f7ea57d47a74f579b5cc-1-_jpg.rf.cc6172db26ced35b520271eb8b805b02.jpg,640,640,Aadhar cards,0,2,632,639
1b26b406ad9485c98cd496bc371db57f_jpg.rf.ce047f1ac09ce26fc4c2c7d4a5b89efb.jpg,640,640,Aadhar cards,0,12,640,640
1_xMzwx1zuB5KlpNM53l2nfw_jpg.rf.d0bb2e39861b95999f2524474ddff489.jpg,640,640,Aadhar cards,1,12,640,639
102_509409293_jpg.rf.cd003d7f34a3b366a254f51ece076bf7.jpg,640,640,Aadhar cards,0,5,606,638
23752a535ecca255d677464b5a7a24f4_jpg.rf.d023336874987236d8928b7e52fa7ab3.jpg,640,640,Aadhar cards,0,4,628,638
1_xMzwx1zuB5KlpNM53l2nfw_jpg.rf.d29515e387554677b2ab7451443d81a6.jpg,640,640,Aadhar cards,1,17,628,640
2b923b9c9b526e45022e18d0493946ba-1-_jpg.rf.cbe28891fc3854f6498674287e72c77d.jpg,640,640,Aadhar cards,0,2,629,640
086d820550f34066764f4047ddc263ca_jpg.rf.d10b1481b93f477ce6b3f109d639e264.jpg,640,640,Aadhar cards,20,6,584,599
2b923b9c9b526e45022e18d0493946ba-1-_jpg.rf.c8e71b9a752efddc39ef044e1a231794.jpg,640,640,Aadhar cards,6,6,633,639
2017_7image_01_34_3344908890_jpg.rf.d587bf301c02e3ebd2d4bad4aa26d7c8.jpg,640,640,Aadhar cards,2,0,639,640
102_509409293_jpg.rf.d70533ee5dd86b12ae8213ba362e3a26.jpg,640,640,Aadhar cards,31,2,638,628
60643f2e835245dfa9b0c9c988abb748_jpg.rf.d382466a6dc64c4a7aa428972dc0cee7.jpg,640,640,Aadhar cards,0,0,628,634
086d820550f34066764f4047ddc263ca_jpg.rf.d2e1969e114edd7d726bc2e9af88f83a.jpg,640,640,Aadhar cards,49,48,600,619
102_509409293_jpg.rf.d74d5c501308c5a0b896af09de548cd8.jpg,640,640,Aadhar cards,0,16,631,631
0e0a5204f238d9c743ae456a8dc6529a_jpg.rf.d8b7a2e9a3310016fc07933248f4be67.jpg,640,640,Aadhar cards,0,1,633,636
5a9f2c8658426f9b1b17bfa65ef0d62c_jpg.rf.d88ee36f4c7309d361ac3714786c7e75.jpg,640,640,Aadhar cards,20,0,640,621
06a0686f91bed47d1f4873e4d104442c_jpg.rf.d9c3ba2c545c890517ba9f627be2265b.jpg,640,640,Aadhar cards,12,0,640,633

2017_7image_01_34_3344908890_jpg.rf.d29b92639d43c6c3eb6ccaf970327338.jpg,640,640,Aadhar cards,23,5,640,639
23752a535ecca255d677464b5a7a24f4_jpg.rf.d0eeee28c6956b46f8940a142e361ac2.jpg,640,640,Aadhar cards,2,8,639,638
19b620ad00aeb2885f0f0a1ccb337919_jpg.rf.cc84b5fa34729a97de98f9812e228e71.jpg,640,640,Aadhar cards,2,5,635,638
17e77ff746a7f6995dcbe80f0b107701_jpg.rf.d76493f682179b3c0a7d295179d8b837.jpg,640,640,Aadhar cards,0,1,630,618
0e0a5204f238d9c743ae456a8dc6529a_jpg.rf.ce390cc6b3b0f77ea68ee43f99a59a82.jpg,640,640,Aadhar cards,4,0,640,634
102_509409293_jpg.rf.cefff6a28342413a7902db90087874fa.jpg,640,640,Aadhar cards,0,18,624,640
0e0a5204f238d9c743ae456a8dc6529a_jpg.rf.d9141fd44ffec9f6950c8057029e336e.jpg,640,640,Aadhar cards,0,1,639,639
2017_7image_01_34_3344908890_jpg.rf.db008f48aee0793b0f1b10f602c9191d.jpg,640,640,Aadhar cards,0,0,619,630
086d820550f34066764f4047ddc263ca_jpg.rf.daa37b1b1723312c21d04540004d3944.jpg,640,640,Aadhar cards,7,65,638,617
2017_7image_01_34_3344908890_jpg.rf.da3900cff0fc7839ed8ee26e1095c034.jpg,640,640,Aadhar cards,0,9,636,638
110_504886170_jpg.rf.d3c90e9d253de4959f0ae1c583d848a7.jpg,640,640,Aadhar cards,23,23,615,610
2017_7image_01_34_3344908890_jpg.rf.d8230e299f12feba5d7528bf1d525925.jpg,640,640,Aadhar cards,10,1,639,638
110_504886170_jpg.rf.dd214c9e7a69ec53f4dc526ed8a35f4e.jpg,640,640,Aadhar cards,0,20,579,598
102_509409293_jpg.rf.dd9f63e6db95118c89848174fe2fcaa9.jpg,640,640,Aadhar cards,0,18,624,640
0d4c873ace54e82fb49c451a9bdc6d24_jpg.rf.de57525e0baef09e55dd773c08e72b04.jpg,640,640,Aadhar cards,30,9,627,637
06a0686f91bed47d1f4873e4d104442c_jpg.rf.dbab87979cda95f36bc4eb994ad031b1.jpg,640,640,Aadhar cards,0,9,640,639
23752a535ecca255d677464b5a7a24f4_jpg.rf.d9c77ecd3f256bf1d98ce5d4a392f523.jpg,640,640,Aadhar cards,0,3,640,639
3564191365d6dd7bff705c3252860029_jpg.rf.dd50b305b7212d5652a5224f4258fe1c.jpg,640,640,Aadhar cards,1,49,633,640
17e77ff746a7f6995dcbe80f0b107701_jpg.rf.dba4c61bf85b7bb1980972a89ee337ac.jpg,640,640,Aadhar cards,0,19,636,640
17e77ff746a7f6995dcbe80f0b107701_jpg.rf.dbdcca8c9a54b577343d5010807d5c20.jpg,640,640,Aadhar cards,10,0,640,616
17e77ff746a7f6995dcbe80f0b107701_jpg.rf.dc5d82eb6d35c39204e68a0f6bc48a2a.jpg,640,640,Aadhar cards,2,4,632,640
102_509409293_jpg.rf.db2e2a05f5fb31f96fa28f1d52d8337c.jpg,640,640,Aadhar cards,0,4,620,640
23752a535ecca255d677464b5a7a24f4_jpg.rf.de64a6d30cfc70bbc79c59312728ad04.jpg,640,640,Aadhar cards,15,5,639,640
0e0a5204f238d9c743ae456a8dc6529a_jpg.rf.df0a74641fc4251265fa82fdc8125859.jpg,640,640,Aadhar cards,1,0,639,639
2bfd2f150b31581bac34445b5c49dd26_jpg.rf.df0eed9c1117ce1dc4b8eaac11dfd14a.jpg,640,640,Aadhar cards,0,2,639,621
2bfd2f150b31581bac34445b5c49dd26_jpg.rf.df60d5d88f8d5a33863334c90a181159.jpg,640,640,Aadhar cards,9,5,640,640
14171f7e3e906f9bb9cbee0e44b183ab-1-_jpg.rf.e0219101d0d77252f1a4aae1d32d2fd6.jpg,640,640,Aadhar cards,0,2,640,631

71697128_jpg.rf.dcdcf8d1d4f1b5e0e4c0573fc9f19c69.jpg,640,640,Aadhar cards,6,5,639,640
2017_7image_01_34_3344908890_jpg.rf.dd3acd09c5c9b7a819c49e450bc43c0e.jpg,640,640,Aadhar cards,0,0,640,640
0e0a5204f238d9c743ae456a8dc6529a_jpg.rf.def65042e5cb754b5d0005d5fb53ed3b.jpg,640,640,Aadhar cards,0,0,638,632
15702284b04c27864e819ad89483b80d_jpg.rf.e0faf3d709ab08a526aa85ca2a123450.jpg,640,640,Aadhar cards,5,17,640,640
116508899_159713039053118_8698401500526480570_n_jpg.rf.e2e69bea23fe8f61e85496dffe7a7962.jpg,640,640,Aadhar cards,5,11,633,640
17e77ff746a7f6995dcbe80f0b107701_jpg.rf.e1ce527710ffb3860227e73ad9dffe8b.jpg,640,640,Aadhar cards,3,11,622,639
14171f7e3e906f9bb9cbee0e44b183ab-1-_jpg.rf.db1d10188ebcfe24826ad9e0be054b8d.jpg,640,640,Aadhar cards,0,3,631,639
0d4c873ace54e82fb49c451a9bdc6d24_jpg.rf.deacbd9b2bdc08d73b91a8d5cf59ebe7.jpg,640,640,Aadhar cards,46,0,639,636
0d4c873ace54e82fb49c451a9bdc6d24_jpg.rf.e2f72ec3b923573a4eb8fd97711383de.jpg,640,640,Aadhar cards,8,14,636,610
17e77ff746a7f6995dcbe80f0b107701_jpg.rf.e265f24d83b01278fa820ed554317d22.jpg,640,640,Aadhar cards,19,0,638,639
3564191365d6dd7bff705c3252860029_jpg.rf.e3df00ef01bca30630fd1ea6e8c1adb1.jpg,640,640,Aadhar cards,0,31,640,637
102_509409293_jpg.rf.dbb8dfb5c790e0d372ceba84778434e3.jpg,640,640,Aadhar cards,1,0,632,628
60643f2e835245dfa9b0c9c988abb748_jpg.rf.e35cbcb9d905c7eb41ce55af3290d9d3.jpg,640,640,Aadhar cards,6,0,640,628
102_509409293_jpg.rf.e266d00629b424a9a47549b6fb862dc7.jpg,640,640,Aadhar cards,0,0,619,627
0e0a5204f238d9c743ae456a8dc6529a_jpg.rf.e1b129bd58a41a5f65bea43636dc7ca4.jpg,640,640,Aadhar cards,1,6,635,639
14171f7e3e906f9bb9cbee0e44b183ab-1-_jpg.rf.e2b0c959e6a0c7b3219958b3f78a21c3.jpg,640,640,Aadhar cards,0,12,639,639
0c0584201ff552c4bdcbe160315aa432_jpg.rf.ddab01b345a89b15e913254df99ed47b.jpg,640,640,Aadhar cards,34,2,639,587
2bfd2f150b31581bac34445b5c49dd26_jpg.rf.e4498150083fc2ed0bb817c7dcde6454.jpg,640,640,Aadhar cards,17,3,640,638
2b923b9c9b526e45022e18d0493946ba-1-_jpg.rf.e78dd3dfa7183a22eaa319353bd88899.jpg,640,640,Aadhar cards,4,8,633,639
14171f7e3e906f9bb9cbee0e44b183ab_jpg.rf.e03e76bd17e423579fa4889b99863b19.jpg,640,640,Aadhar cards,17,1,635,636
06a0686f91bed47d1f4873e4d104442c_jpg.rf.de9ed4318a61b8fe7832ebfce3b4cef5.jpg,640,640,Aadhar cards,11,8,639,638
14171f7e3e906f9bb9cbee0e44b183ab-1-_jpg.rf.e989a7d0bb3e5432e4ea6d5d1ae87a36.jpg,640,640,Aadhar cards,0,2,640,633
3564191365d6dd7bff705c3252860029_jpg.rf.e5c528585e5620919894f22064ed102b.jpg,640,640,Aadhar cards,1,4,638,639
0e0a5204f238d9c743ae456a8dc6529a_jpg.rf.e6928240088c85fc94ae204f0e9a07cd.jpg,640,640,Aadhar cards,0,0,636,618
1b26b406ad9485c98cd496bc371db57f_jpg.rf.e9d9c915dd99813191f30822e956650c.jpg,640,640,Aadhar cards,0,0,640,637
3564191365d6dd7bff705c3252860029_jpg.rf.e8bf193631c235f33b15d04d2473f194.jpg,640,640,Aadhar cards,36,45,639,640
6faf8790a38b5e6a7d9e3347ba84a24f_jpg.rf.e49bbae6eddcdd4a86083c3e2b8ddfb4.jpg,640,640,Aadhar cards,0,2,607,633
116508899_159713039053118_8698401500526480570_n_jpg.rf.dfa65084d61069cc38101edccf411d6e.jpg,640,640,Aadhar cards,43,0,640,600
110_504886170_jpg.rf.ea1626f476ce0dd650cb5cd7f4626030.jpg,640,640,Aadhar cards,62,46,639,638
086d820550f34066764f4047ddc263ca_jpg.rf.ea8c0c2eee049b8873e820522e42736e.jpg,640,640,Aadhar cards,0,48,585,622
14171f7e3e906f9bb9cbee0e44b183ab-1-_jpg.rf.e6ddddce258126f751126546bad6e079.jpg,640,640,Aadhar cards,5,19,639,638
3564191365d6dd7bff705c3252860029_jpg.rf.ebb1d9b9efecd47c8def5e406d2b1f5c.jpg,640,640,Aadhar cards,35,2,639,640
0d4c873ace54e82fb49c451a9bdc6d24_jpg.rf.e87581d0bfc18b51d6cc3766d8c141bd.jpg,640,640,Aadhar cards,14,20,617,640
102_509409293_jpg.rf.e9ad028edf421ab1cafa281ba488eae1.jpg,640,640,Aadhar cards,6,25,639,640
086d820550f34066764f4047ddc263ca_jpg.rf.e66e60dd63ea130153aad206217db5ca.jpg,640,640,Aadhar cards,50,52,616,629
116508899_159713039053118_8698401500526480570_n_jpg.rf.e365024c8d02c053b4f7508d4bb04685.jpg,640,640,Aadhar cards,15,3,635,606
2017_7image_01_34_3344908890_jpg.rf.eb5ef9715f144fbb58d0c10c0cae3c04.jpg,640,640,Aadhar cards,1,2,629,638
086d820550f34066764f4047ddc263ca_jpg.rf.e899c52f75d90c02a5ff990b8519765e.jpg,640,640,Aadhar cards,7,64,638,618
110_504886170_jpg.rf.e9bab9e3c767792a712ba54eddfda4ee.jpg,640,640,Aadhar cards,23,23,615,612
2bfd2f150b31581bac34445b5c49dd26_jpg.rf.e5213ce1201211c1cfa5a5f77d937695.jpg,640,640,Aadhar cards,9,5,638,638
2017_7image_01_34_3344908890_jpg.rf.eae46acd540823be586dff71fd1363fa.jpg,640,640,Aadhar cards,16,2,640,638
14171f7e3e906f9bb9cbee0e44b183ab_jpg.rf.ebde8595f1945ee173d2751c6c1e98c9.jpg,640,640,Aadhar cards,14,0,640,639
0c0584201ff552c4bdcbe160315aa432_jpg.rf.ef149fac79f75ba2cd440d850b30e613.jpg,640,640,Aadhar cards,23,0,631,639
110_504886170_jpg.rf.ef1afe8cb8cd67f8c1a059a1b5e27c5a.jpg,640,640,Aadhar cards,15,10,617,596
1c89969c27b6f7ea57d47a74f579b5cc-1-_jpg.rf.ec54e74d34735bfef0d92b779c9f000c.jpg,640,640,Aadhar cards,4,0,640,637
3564191365d6dd7bff705c3252860029_jpg.rf.edadfc483bfd3692689c51955e245563.jpg,640,640,Aadhar cards,7,0,618,608
086d820550f34066764f4047ddc263ca_jpg.rf.ee6e47d22c6df08d5042c6d766b1c000.jpg,640,640,Aadhar cards,3,18,625,622
116508899_159713039053118_8698401500526480570_n_jpg.rf.ed5ec3eca8440de3b60c425e85dba9ae.jpg,640,640,Aadhar cards,34,18,639,636
2bfd2f150b31581bac34445b5c49dd26_jpg.rf.eb9c37dac889f69cce446a3b90ccfaec.jpg,640,640,Aadhar cards,6,22,640,640
19b620ad00aeb2885f0f0a1ccb337919_jpg.rf.df88162513d31064b269b1e821b16f04.jpg,640,640,Aadhar cards,0,0,613,635
71697128_jpg.rf.f18eea126d8a7627205b4fe3f34603f4.jpg,640,640,Aadhar cards,2,20,620,640
102_509409293_jpg.rf.f2c66aa667233fab4cb96922951ba027.jpg,640,640,Aadhar cards,0,0,621,632
102_509409293_jpg.rf.f17d4fcab6b26ad2b3403117cec5c867.jpg,640,640,Aadhar cards,7,12,638,640
71697128_jpg.rf.f1033570ea552eca413deeed72cf4c95.jpg,640,640,Aadhar cards,0,0,640,639
3564191365d6dd7bff705c3252860029_jpg.rf.ef4c3cd8c0fabb609c1bc8d0f466c391.jpg,640,640,Aadhar cards,0,31,640,636
3564191365d6dd7bff705c3252860029_jpg.rf.f367e7b21438724ddf02031c97e6cd09.jpg,640,640,Aadhar cards,2,55,634,638
06a0686f91bed47d1f4873e4d104442c_jpg.rf.f4ec32ffff79146cd22c9001c53f3a63.jpg,640,640,Aadhar cards,1,0,631,640
3564191365d6dd7bff705c3252860029_jpg.rf.f1326cc6e53f49bd19928ac90575b3dd.jpg,640,640,Aadhar cards,1,7,582,633
2017_7image_01_34_3344908890_jpg.rf.f53e64f5ad904dbcaae63d1fe9e0f5a9.jpg,640,640,Aadhar cards,1,17,628,640
15702284b04c27864e819ad89483b80d_jpg.rf.f2e562a872aae1dfc16d34ada72d4cf0.jpg,640,640,Aadhar cards,15,0,632,628
15702284b04c27864e819ad89483b80d_jpg.rf.f22d8b52e3ffa669df8e17cfae165478.jpg,640,640,Aadhar cards,1,0,632,640
1c89969c27b6f7ea57d47a74f579b5cc-1-_jpg.rf.eeaec02c1820cd2de2f294b358489f91.jpg,640,640,Aadhar cards,0,0,638,637
2b923b9c9b526e45022e18d0493946ba_jpg.rf.f028db43c7bfa8af54c965e79c6606f2.jpg,640,640,Aadhar cards,16,0,639,638
15702284b04c27864e819ad89483b80d_jpg.rf.f2d70e2c704b0ecb69b8c42d66a0809a.jpg,640,640,Aadhar cards,1,1,638,622
14171f7e3e906f9bb9cbee0e44b183ab-1-_jpg.rf.f2005ac61602b2d3b86b0eaffa7490a7.jpg,640,640,Aadhar cards,1,5,632,639
2b923b9c9b526e45022e18d0493946ba-1-_jpg.rf.f27945549a4e7149bbea598a490621a0.jpg,640,640,Aadhar cards,0,3,640,639
06a0686f91bed47d1f4873e4d104442c_jpg.rf.f64c7319d4c569b69c4bc72870a87651.jpg,640,640,Aadhar cards,7,1,640,640
086d820550f34066764f4047ddc263ca_jpg.rf.f3fe77af1815f96714c4de9ba8423e6d.jpg,640,640,Aadhar cards,3,17,626,622
110_504886170_jpg.rf.f516f90b4613a221316178c20247cc03.jpg,640,640,Aadhar cards,19,32,619,593
0521_adhar_jpg.rf.f5690471882a8c4997e0859277c079c9.jpg,640,640,Aadhar cards,6,1,635,639
2bfd2f150b31581bac34445b5c49dd26_jpg.rf.f895e9a34671c0e29fffe11cc88d200f.jpg,640,640,Aadhar cards,7,3,639,635
5a9f2c8658426f9b1b17bfa65ef0d62c_jpg.rf.f819e0bf53cad1b192c75d7fe4d12692.jpg,640,640,Aadhar cards,20,0,640,621
71697128_jpg.rf.ef50b35d60dbd7eb1b33640c7418d7a5.jpg,640,640,Aadhar cards,0,6,636,640
2b923b9c9b526e45022e18d0493946ba-1-_jpg.rf.f5907a5c3622269ec4e74e2f1e577351.jpg,640,640,Aadhar cards,3,0,640,639
06a0686f91bed47d1f4873e4d104442c_jpg.rf.f83f325d5fca7dad1897ae7c43761eb7.jpg,640,640,Aadhar cards,1,1,630,632
0521_adhar_jpg.rf.f9d7325d0e9925036dd1124f743b3b1c.jpg,640,640,aadharcards,0,0,638,608
1c89969c27b6f7ea57d47a74f579b5cc-2-_jpg.rf.f554ddc7e1ee9f59a936c5b3893e28a2.jpg,640,640,Aadhar cards,0,0,636,640
1_xMzwx1zuB5KlpNM53l2nfw_jpg.rf.f8d230f0ab4fdd7b360cb9ed2e2d576a.jpg,640,640,Aadhar cards,1,4,623,640
23752a535ecca255d677464b5a7a24f4_jpg.rf.f9a6e7e644e799e886dedb141920317e.jpg,640,640,Aadhar cards,0,3,640,638
0d4c873ace54e82fb49c451a9bdc6d24_jpg.rf.f9ae4efe91ee71ebedbaa51932e251ad.jpg,640,640,Aadhar cards,0,14,620,617
19b620ad00aeb2885f0f0a1ccb337919_jpg.rf.f9be1c99302102e770db0a11ee0d4f44.jpg,640,640,Aadhar cards,6,6,639,640
0e0a5204f238d9c743ae456a8dc6529a_jpg.rf.f9f9c35a1dcae1e11a4a330dd4ba8d1c.jpg,640,640,Aadhar cards,7,0,640,618
71697128_jpg.rf.f581e70eaa7182422d9d49bf6df01582.jpg,640,640,Aadhar cards,20,20,640,638
086d820550f34066764f4047ddc263ca_jpg.rf.fb28e8a5ecd4d5f977a09f6db2c75d7b.jpg,640,640,Aadhar cards,0,13,571,620
0e0a5204f238d9c743ae456a8dc6529a_jpg.rf.fc362646238403ce06a2f70987ea6e27.jpg,640,640,Aadhar cards,0,3,637,616
71697128_jpg.rf.fa81f976c83e692ac52b294eeaab9783.jpg,640,640,Aadhar cards,0,0,640,639
3564191365d6dd7bff705c3252860029_jpg.rf.fb37250c16a94b52af6e37ef850f86d1.jpg,640,640,Aadhar cards,4,2,640,640
1b26b406ad9485c98cd496bc371db57f_jpg.rf.fe7c16692f5ac4d041dc0e75b8d6e4ae.jpg,640,640,Aadhar cards,4,0,636,639

71697128_jpg.rf.f406769ccb2b6a997d71365865f86b8b.jpg,640,640,Aadhar cards,0,13,635,638
110_504886170_jpg.rf.f6e3b73d92c3831e9499c2b3e67828ba.jpg,640,640,Aadhar cards,13,18,613,585
086d820550f34066764f4047ddc263ca_jpg.rf.fdb90aebbd3c21c84436d3bb7fbb073f.jpg,640,640,Aadhar cards,21,49,592,600
15702284b04c27864e819ad89483b80d_jpg.rf.fc8bad211b4d5bfdc89229ca0603fda2.jpg,640,640,Aadhar cards,2,0,616,640
2b923b9c9b526e45022e18d0493946ba-1-_jpg.rf.ff6341d6511d31395da904cdebeb0efc.jpg,640,640,Aadhar cards,0,2,637,638
102_509409293_jpg.rf.f5441eb5dd91e3ab8b5111abfbd2f843.jpg,640,640,Aadhar cards,8,34,639,639
14171f7e3e906f9bb9cbee0e44b183ab-1-_jpg.rf.f2fcaf1e900f27a17ac1ecb61f1fd276.jpg,640,640,Aadhar cards,0,3,632,639
3564191365d6dd7bff705c3252860029_jpg.rf.fe513e732724b13703152e80c7dfc6e4.jpg,640,640,Aadhar cards,31,0,636,640
23752a535ecca255d677464b5a7a24f4_jpg.rf.ff7a234a4bcfafa4bc46a72c308c1d42.jpg,640,640,Aadhar cards,3,0,639,640
0521_adhar_jpg.rf.fbef8e31190851ebfbe57f67b9829077.jpg,640,640,Aadhar cards,0,5,633,640
19b620ad00aeb2885f0f0a1ccb337919_jpg.rf.ff339b35e9b44b95d4328871e81e1c12.jpg,640,640,Aadhar cards,1,0,639,640
71697128_jpg.rf.fea63df32352f2cdbb351e5a5c6e246f.jpg,640,640,Aadhar cards,1,6,633,638
2bfd2f150b31581bac34445b5c49dd26_jpg.rf.ff80f47b38024878db746a19619736bd.jpg,640,640,Aadhar cards,1,5,633,639

102_509409293_jpg.rf.fec20d549d891056ea351636d1b726e3.jpg,640,640,Aadhar cards,11,33,639,639
17e77ff746a7f6995dcbe80f0b107701_jpg.rf.fcbe46ce9184f90246a64f568dbec6b8.jpg,640,640,Aadhar cards,0,2,637,633
086d820550f34066764f4047ddc263ca_jpg.rf.faeaf3a8ec9d3e02166e987e805a1b5e.jpg,640,640,Aadhar cards,3,0,589,580